id|name|city_code|country_code
2566|Abu Dhabi|967|AE
3061|Ajman|1075|AE
5827|Al Agah|14695|AE
5765|Al Ain|1435|AE
7201|Al Barsha|61439|AE
28485|Al Marjan Islands|61175|AE
14606|Al Mirfa|58715|AE
2817|Deira|64263|AE
18607|Dibba|27977|AE
765|Dubai|968|AE
4048|Fujairah|1179|AE
48692|Ghayathi|72938|AE
5506|Hatta|1180|AE
11960|Jebel Ali|1178|AE
8280|Jebel Dhanna|22053|AE
8717|Jumeirah Beach|1487|AE
17113|Khorfakkan|2528|AE
27258|Liwa|25764|AE
25344|Madinat Zayed|61388|AE
8307|Mezairaa|58716|AE
2340|Ras al Khaimah|4646|AE
3998|Sharjah|969|AE
28116|Sir Bani Yas Island|32517|AE
18766|The Palm Islands|31267|AE
12830|Umm al-Quwain|14413|AE
42642|Abu Road|67949|IN
46758|Adoor|67583|IN
45604|Adyar|67851|IN
29051|Agartala|26938|IN
24886|Agatti|27095|IN
51008|Agonda|75030|IN
7921|Agra|8895|IN
4998|Ahmedabad|21335|IN
29228|Ahmednagar|27111|IN
29229|Ahmedpur Mandvi|26988|IN
34429|Aizawl|27137|IN
17219|Ajabgarh|24051|IN
6520|Ajmer|26848|IN
29249|Akola|27112|IN
47467|Alibag|67457|IN
27856|Aligarh|60400|IN
28329|Allahabad|26939|IN
11245|Alleppey|9134|IN
27866|Almora|26952|IN
47117|Alto Porvorim|72348|IN
22118|Alwar|26849|IN
28900|Ambala|27003|IN
41880|Amer|67777|IN
29285|Amravati|27113|IN
17927|Amritsar|21405|IN
28901|Anand|59805|IN
48130|Anandpur|72411|IN
45235|Angul|67579|IN
8110|Anjuna|8462|IN
25632|Ankleshwar|26989|IN
48085|Arambol|67464|IN
30240|Arcot|61534|IN
25583|Aronda|58083|IN
27085|Arpora|64199|IN
7195|Arrosim Beach|4055|IN
51009|Artola|75032|IN
27892|Asansol|60401|IN
45718|Athirapilly|67458|IN
29325|Auli|26953|IN
15653|Aurangabad|21506|IN
35952|Auroville|44047|IN
34537|Ayodhya|62263|IN
29377|B. R. Hills|27058|IN
29379|Badami|27059|IN
45465|Baddi|67885|IN
29384|Badrinath|26954|IN
15845|Baga|23982|IN
48720|Baindur|72880|IN
38984|Bakkhali|64350|IN
45415|Balaghat|67981|IN
47882|Balangir|67630|IN
34541|Balasinore|62264|IN
28361|Balrampur|26941|IN
15411|Bandhavgarh-Nationalpark|24415|IN
29300|Bandipur|27060|IN
4747|Bangalore|9767|IN
15325|Bangaram Island|19846|IN
7618|Baramati|39717|IN
27901|Baratang Island|60402|IN
42415|Barauni|67785|IN
34544|Barbil|62265|IN
12474|Bardez|17477|IN
28319|Bareilly|57457|IN
34739|Barmer|26850|IN
37702|Basara|64434|IN
41810|Beawar|67773|IN
29637|Behror|26851|IN
26828|Bekal|55995|IN
29640|Belgaum|27061|IN
44638|Bellary|27062|IN
44644|Belur & Halebid|27063|IN
11164|Benaulim Beach|4051|IN
7641|Betalbatim Beach|8199|IN
26975|Betul|58335|IN
39382|Bhagalpur|67315|IN
34552|Bhandardara|62267|IN
16779|Bharatpur|22795|IN
39132|Bharmour|67298|IN
37693|Bharuch|64431|IN
47584|Bhat|67860|IN
28888|Bhatinda|59804|IN
29658|Bhavnagar|26991|IN
45009|Bhayandar|67816|IN
50579|Bheemlat|74732|IN
15656|Bheeramballi|57366|IN
42176|Bhilai|67784|IN
41957|Bhilwara|67779|IN
21369|Bhimtal|26955|IN
38424|Bhiwadi|64032|IN
46480|Bhiwadi|67498|IN
38481|Bhiwandi|64354|IN
37809|Bhogapuram|64373|IN
29339|Bhopal|27096|IN
42396|Bhowali|67945|IN
17078|Bhubaneswar|26832|IN
29770|Bhuj|26992|IN
38657|Bhuntar|66954|IN
41285|Bijainagar|67178|IN
29778|Bijaipur|26852|IN
27909|Bijapur|27064|IN
13438|Bikaner|16661|IN
34961|Bilaspur|26967|IN
50326|Bilochi|74535|IN
29796|Binsar|26956|IN
33986|Bishangarh|60611|IN
14955|Bodhgaya|22606|IN
31335|Bogmallo|32308|IN
29806|Bokaro|27053|IN
7019|Bokkapuram|39722|IN
34894|Bomdila|26891|IN
34549|Brahmapur|62266|IN
29809|Bundi|26853|IN
1704|Calangute|8466|IN
3949|Calicut|20128|IN
15778|Canacona|32439|IN
39269|Candolim|67487|IN
8121|Candolim Beach|4056|IN
40027|Cansaulim Beach|28027|IN
37932|Caranzalem|64372|IN
15676|Cauvery|25967|IN
5897|Cavelossim|14167|IN
27911|Chail|27017|IN
37742|Chakan|64451|IN
29818|Chamba|27018|IN
35161|Chamoli|26957|IN
43687|Champakulam|69237|IN
6986|Chandigarh|22004|IN
42370|Chandipur|26833|IN
45086|Chandrapur|67932|IN
37726|Changanassery|64445|IN
49199|Changodar|73448|IN
37826|Charholi Budruk|64356|IN
34558|Chaukori|62268|IN
2351|Chennai|14137|IN
33935|Cherai|60737|IN
42209|Cherai Beach|67752|IN
50588|Cherthala|74738|IN
44987|Chhindwara|67863|IN
34570|Chhota Udaipur|62272|IN
30000|Chidambaram|26905|IN
23215|Chikmagalur|22064|IN
37728|Chinakakani|64446|IN
28502|Chinnakanal|62023|IN
34572|Chintpuri|62273|IN
30003|Chiplun|27115|IN
34574|Chitrakoot|62274|IN
30006|Chittaurgarh|26854|IN
41992|Chittorgarh|67373|IN
40958|Choglamsar|64371|IN
16086|Chorao Island|26290|IN
15307|Chowara|19845|IN
37731|Chundale|64447|IN
37593|Churu|64358|IN
2949|Cochin|9720|IN
6211|Coimbatore|26906|IN
7281|Colva|8465|IN
41998|Coochbehar|26982|IN
7136|Coonoor|22160|IN
29980|Coorg|27065|IN
21397|Corbett-Nationalpark|22167|IN
13047|Covelong|26907|IN
30065|Cuttack|26835|IN
37944|Dabolim|64370|IN
45321|Dadahu|67827|IN
25573|Dahej|63686|IN
26019|Dalhousie|27019|IN
25961|Daman|26977|IN
27949|Dandeli|27066|IN
38881|Dankuni|64359|IN
34575|Dapoli|62275|IN
42873|Darbhanga|67765|IN
12315|Darjeeling|23835|IN
47396|Daund|67455|IN
26309|Dausa|60339|IN
25637|Dehradun|22260|IN
1329|Delhi|7433|IN
13357|Deogarh|16660|IN
39028|Deoghar|67311|IN
37732|Devikulam|64448|IN
47445|Devprayag|67804|IN
43016|Dhanachuli|68576|IN
41678|Dhanaulti|67766|IN
45353|Dharampur|68019|IN
7647|Dharamsala|27020|IN
34935|Dharmapuri|26909|IN
48065|Dhela|72489|IN
25575|Dhikuli|59811|IN
27818|Dholpur|59372|IN
34591|Dhule|62276|IN
29769|Dibrugarh|26925|IN
34595|Digha|62277|IN
41858|Dimapur|27139|IN
41478|Dindigul|26910|IN
51148|Diskit|75212|IN
28748|Diu|26978|IN
30521|Dooars|26983|IN
30525|Dundlod|26856|IN
30530|Dungarpur|54398|IN
32556|Durg|26968|IN
30529|Durgapur|26857|IN
34056|Dwarka|31928|IN
37600|Dwarka|67940|IN
30681|Edava|61657|IN
13071|Ernakulam|27082|IN
25976|Faridabad|27009|IN
45708|Fatehabad|67832|IN
37289|Fatehgarh|64369|IN
37160|Fatehpur Sikri|64271|IN
48260|Fort Tiracol|72558|IN
50824|Gadag|74954|IN
25963|Gandhidham|26993|IN
28825|Gandhinagar|26994|IN
41690|Gangavathi|67767|IN
7227|Gangotri|26958|IN
13139|Gangtok|24362|IN
37705|Ganpatipule|64435|IN
39755|Gaya|26935|IN
24104|Ghaziabad|37009|IN
47402|Giridih|67452|IN
16143|Glenburn|26090|IN
5295|Goa|1563|IN
48270|Goa Velha|72570|IN
15654|Gokarna|24745|IN
50872|Gondia|74980|IN
30662|Gopalpur on Sea|26836|IN
38303|Gorai Beach|64344|IN
34703|Gorakhpur|26943|IN
42024|Gosaba|67780|IN
41897|Govardhan|67778|IN
28111|Greater Noida|62083|IN
45550|Gudalur|67985|IN
48895|Guirim|73216|IN
26077|Gulmarg|27046|IN
47459|Guntur|26867|IN
5646|Gurgaon|27010|IN
26096|Guruvayur|27083|IN
28242|Guwahati|26928|IN
16941|Gwalior|23834|IN
7151|Haldwani|39719|IN
31022|Hampi|27073|IN
34607|Hansi|62278|IN
34611|Hanumangarh|62279|IN
28386|Haridwar|26960|IN
34970|Haripur|66867|IN
31042|Hassan|27074|IN
27298|Havelock Island|32485|IN
47698|Hebbal|72338|IN
27693|Hinjawadi|61338|IN
39641|Hisar|67013|IN
38556|Hooghly|26984|IN
34439|Hoshiarpur|65764|IN
22862|Hospet|27075|IN
34442|Hosur|60241|IN
37700|Howrah|64348|IN
32472|Hubli-Dharwad|27067|IN
37696|Hudikeri|64432|IN
2472|Hyderabad|20801|IN
45043|Ichalkaranji|68032|IN
34614|Igatpuri|27116|IN
49351|Ilva|73455|IN
34404|Imphal|27134|IN
5652|Indore|27097|IN
34895|Itanagar|26894|IN
29406|Jabalpur|27098|IN
129|Jaipur|8896|IN
547|Jaisalmer|17828|IN
50669|Jaitaran|74807|IN
50575|Jaladhulagori|74728|IN
631|Jalandhar|20802|IN
34612|Jalgaon|62280|IN
41812|Jalna|67553|IN
27914|Jalore|60526|IN
40812|Jalpaiguri|26985|IN
49549|Jambulne|73750|IN
687|Jammu|20803|IN
808|Jamnagar|26995|IN
857|Jamshedpur|27055|IN
914|Jeypore|26837|IN
42147|Jhadol|68551|IN
924|Jhansi|26944|IN
28477|Jispa|65323|IN
1964|Jodhpur|16658|IN
34897|Jorethang|66862|IN
28327|Jorhat|26930|IN
45391|Junagadh|67544|IN
2295|Junagarh|26996|IN
37699|Jwalamukhi|64433|IN
50922|KABINI|200059|IN
28906|Kachchh/Kutch|39853|IN
30338|Kadmat Island|61591|IN
34852|Kakinada|26871|IN
39584|Kalady|67489|IN
44868|Kaliel|65020|IN
2311|Kalimpong|24361|IN
45498|Kalpatta|67726|IN
33775|Kalpetta|59803|IN
37692|Kalyan|64429|IN
38165|Kamba|64352|IN
27916|Kanadukathan|35719|IN
50602|Kanatal|74715|IN
2357|Kanchipuram|26911|IN
46707|Kandaghat|27021|IN
2360|Kangra Valley|27022|IN
2379|Kanha|24744|IN
16183|Kanniyakumari|14169|IN
36890|Kannur|27085|IN
2415|Kanpur|26945|IN
2429|Kanyakumari|27158|IN
14809|Kappad|26807|IN
26318|Karad|60341|IN
34566|Karaikudi|62271|IN
50871|Karauli (Kerowlee)|74979|IN
28417|Kargil|27047|IN
42161|Karimnagar|26872|IN
45060|Karnal|27012|IN
33791|Karur|59809|IN
2476|Karwar|27077|IN
34741|Kasarde|62289|IN
36895|Kasargod|27086|IN
2497|Kasauli|27023|IN
34629|Kashid|62282|IN
7116|Kashipur|39720|IN
41759|Kasol|67774|IN
34951|Kathgodam|26962|IN
45401|Katihar|67883|IN
2607|Katra|27048|IN
2731|Kausani|26963|IN
15234|Kaziranga|26931|IN
28423|Kedarnath|26964|IN
34678|Kerala|8900|IN
2785|Khajjiar|27024|IN
2795|Khajuraho|21929|IN
28427|Khandala|60444|IN
41397|Khandela|67214|IN
48083|Khandwa|67465|IN
41714|Khas Nagrota|67769|IN
50401|Khativali|74563|IN
50868|Khejarla|74975|IN
29341|Khilchipur|58336|IN
12520|Khimsar|16659|IN
45950|Kihim|72291|IN
50464|Kishangarh|74685|IN
3515|Kodaikanal|14168|IN
3565|Kolhapur|27117|IN
2436|Kolkata|9768|IN
3835|Kollam|27087|IN
36522|Konark|26838|IN
47455|Kondotty|68310|IN
3861|Kota|26859|IN
3889|Kotagiri|26912|IN
34578|Kothamangalam|36578|IN
49587|Koti|73728|IN
37707|Kotputli|64436|IN
3899|Kottayam|20082|IN
45000|Kottivakkam|68030|IN
2287|Kovalam|9136|IN
34447|Krishnagiri|63584|IN
32579|Kuchaman|43329|IN
41803|Kudal|67889|IN
37733|Kudasan|64449|IN
3983|Kullu|27027|IN
3992|Kumarakom|9137|IN
14922|Kumbakonam|60343|IN
50104|Kumbalgarh|74281|IN
4050|Kumbhalgarh|26860|IN
23039|Kumily|64437|IN
46563|Kundapur|67918|IN
48641|Kurnool|26874|IN
48054|Kuruppanthara|72437|IN
41809|Kushalnagar|64946|IN
4058|Kushinagar|26946|IN
28471|Lachung|60445|IN
26335|Lahaul and Spiti|27028|IN
11248|Lakkidi|9135|IN
42484|Lansdowne|67717|IN
41885|Lataguri|67776|IN
34640|Latur|62283|IN
37724|Lava|64444|IN
50539|Lavasa|74682|IN
50549|Lavasa|74681|IN
4085|Leh|19863|IN
4123|Lonavala|27118|IN
2586|Lucknow|20804|IN
2629|Ludhiana|20805|IN
4406|Luni|26861|IN
48365|Madikeri|72642|IN
4414|Madurai|14170|IN
4536|Mahabaleshwar|27119|IN
37739|Mahabalipuram|64450|IN
41874|Mahad|67651|IN
18646|Maheshwar|28038|IN
48528|Majorda|72848|IN
11205|Majorda Beach|4053|IN
36904|Malappuram|27088|IN
45624|Malayattoor|67575|IN
33488|Malpura|64801|IN
34654|Malvan|62284|IN
12602|Mamallapuram|14211|IN
4553|Manali|27030|IN
42638|Mandarmoni|67761|IN
4957|Mandawa|22554|IN
34685|Mandi|62285|IN
35064|Mandrem|67440|IN
4993|Mandu|27100|IN
45359|Manesar|68020|IN
5176|Mangalore|27079|IN
41677|Manipal|67411|IN
34893|Manmad|27121|IN
48695|Mapusa|72977|IN
44533|Maradu|65983|IN
23052|Marari Beach|44699|IN
11480|Mararikulam|27089|IN
48384|Margao|72628|IN
26302|Mashobra|27031|IN
28488|Matheran|60446|IN
5235|Mathura|26947|IN
34705|Mayiladuthurai|62286|IN
38665|McLeod Ganj|67083|IN
34526|Meerut|62037|IN
49062|Meppadi|73334|IN
41905|Mettupalayam|55845|IN
50553|Micholi|74741|IN
45016|Mirik|67971|IN
11131|Mobor Beach|4050|IN
48354|Mohali|72650|IN
47199|Mohan|72420|IN
41753|Mohania|67887|IN
49342|Mollem|73466|IN
35011|Moradabad|55847|IN
45224|Morbi|68011|IN
27154|Morjim|65501|IN
5370|Mount Abu|17822|IN
5450|Mukteshwar|26965|IN
5509|Mukundgarh|26863|IN
11284|Mullor|9140|IN
375|Mumbai|7561|IN
6414|Munnar|14310|IN
34709|Munsiyari|62287|IN
6503|Muradabad|26949|IN
38237|Murbad|64353|IN
13991|Murinjapuzha|26792|IN
34714|Murud|62288|IN
769|Mussoorie|26970|IN
45519|Muzaffarpur|67829|IN
6674|Mysore|22499|IN
45175|Nadiad|67515|IN
11282|Nadukani|9138|IN
305|Nagapattinam|33261|IN
33468|Nagarhole National Park|25966|IN
42012|Naggar|67781|IN
27552|Nagoa|65246|IN
6836|Nagpur|27123|IN
50387|Nahan|27032|IN
37586|Nahar Magra|64368|IN
6969|Nainital|26972|IN
37432|Nakinda|64367|IN
7348|Nalagarh|27033|IN
37723|Nalkeri|64443|IN
45117|Namakkal|67618|IN
38366|Namchi|26896|IN
34932|Nanded|27124|IN
49400|Narkanda|73605|IN
41600|Narlai|57908|IN
7378|Nashik|27126|IN
3699|Nattika|19835|IN
17041|Navi Mumbai|37010|IN
13002|Nawalgarh|23079|IN
47278|Nedumbassery|72458|IN
21746|Neeleshwar|42733|IN
13074|Neemrana|17044|IN
34747|Neil Island|62290|IN
7495|Nellore|26878|IN
35108|Nerul|65260|IN
6926|New Delhi|55836|IN
45216|Nilgiri|68046|IN
35484|Nimaj|36576|IN
2685|Noida|20806|IN
41748|North Paravur|67550|IN
33484|Omkareshwar|60449|IN
7558|Ooty|26913|IN
31284|Orchha|27101|IN
2741|Orissa|20807|IN
26105|Pachmarhi|27102|IN
37748|Padappai|64454|IN
29274|Pahalgam|27049|IN
40949|Pakhal|64455|IN
31306|Palakkad|27090|IN
39312|Palampur|27034|IN
31309|Palani|26914|IN
34751|Palanpur|62292|IN
26472|Pali|55842|IN
33454|Palolem Beach|58648|IN
28974|Panchgani|33262|IN
33223|Panchkula|27014|IN
41951|Pandikkad|60236|IN
47896|Pangong Tso Lake|27050|IN
36920|Panipat|27015|IN
8125|Panjim|8463|IN
23147|Panna|27103|IN
51021|Pantnagar|200088|IN
34449|Panvel|66055|IN
26356|Paragpur|27035|IN
49173|Parali|73543|IN
50978|Parassinikkadavu|75082|IN
41051|Paravur|63687|IN
37955|Parra|64366|IN
30474|Parwanoo|27036|IN
48266|Pateri|72563|IN
26326|Pathanamthitta|27091|IN
34625|Pathankot|26846|IN
41699|Patiala|26847|IN
25920|Patna|26937|IN
31314|Patnitop|27154|IN
28136|Pelling|26897|IN
34258|Pench|27741|IN
16097|Pench Nationalpark|28036|IN
42204|Perambalur|67686|IN
42808|Perinthalmanna|67570|IN
35498|Periyar|27092|IN
24377|Pernem|58248|IN
21459|Phagwara|42810|IN
35503|Phalodi|36959|IN
48082|Phaltan|67443|IN
44727|Pimpri-Chinchwad|64355|IN
36924|Pinjore|27016|IN
28404|Pokhran|61688|IN
26354|Pollachi|60344|IN
16725|Pondicherry (Puducherry)|25385|IN
6175|Ponmudi|31320|IN
14088|Poovar|9133|IN
37394|Porbandar|26997|IN
16837|Port Blair|25443|IN
45459|Pudukkotai|26915|IN
38487|Pulamanthole|64988|IN
4889|Pune|25442|IN
11283|Purakkad|9139|IN
25883|Puri|26840|IN
22127|Pushkar|26864|IN
28078|Puttaparthi|26881|IN
6728|Raigad|39721|IN
28556|Raipur|26971|IN
29130|Rajahmundry|26882|IN
48112|Rajakkad|72077|IN
41814|Rajapalayam|67890|IN
33511|Rajgarh|60450|IN
29133|Rajgir|26940|IN
25964|Rajkot|26998|IN
23353|Ramakkalmedu|27084|IN
27820|Ramathra Fort|59373|IN
29140|Rameshwaram|26916|IN
28680|Ramgarh|65342|IN
28687|Ramgarh|26973|IN
28699|Ramnagar|26974|IN
17060|Ranakpur|23080|IN
32563|Ranchi|27056|IN
28719|Ranikhet|26975|IN
7905|Ranthambore Nationalpark|16757|IN
42738|Ratlam|67793|IN
25673|Ratnagiri|27127|IN
35010|Ravangla|55843|IN
45312|Renigunta|68018|IN
33784|Rewari|59806|IN
41999|Rinchenpong|67663|IN
11084|Rishikesh|17054|IN
28071|Rohet|26865|IN
43599|Rohetgarh|59244|IN
37721|Rohtak|64442|IN
29201|Rourkela|26842|IN
33524|Rudraprayag|60451|IN
34478|Rudrapur|67808|IN
45158|Saharanpur|67798|IN
37745|Sahibzada Ajit Singh Nagar|64452|IN
47469|Salasar|67806|IN
28222|Salem|26917|IN
39073|Saligao|64365|IN
47438|Samayapuram|67910|IN
41949|Sambalpur|26843|IN
45969|Samode|26866|IN
46548|Sanand|67917|IN
33527|Sanchi|27104|IN
29208|Sangli|27128|IN
50438|Santhanpara|74591|IN
50921|SAPUTARA|200058|IN
5276|Sardargarh|31304|IN
29707|Sariska National Park|26868|IN
29330|Sasan Gir|26999|IN
34121|Satara|27129|IN
36780|Satna|27105|IN
17922|Sawai Madhopur|17053|IN
26844|Secunderabad|57458|IN
50414|Sekhala|74576|IN
27920|Seoni|63660|IN
34334|Shahpura|36575|IN
27982|Shamirpet|62212|IN
41712|Shamshabad|67549|IN
41918|Shantiniketan|60235|IN
29364|Shekhawati|26869|IN
29372|Shillong|27136|IN
17570|Shimla|17055|IN
33517|Shimoga|27080|IN
25874|Shirdi|27130|IN
33531|Shivpuri|27107|IN
40950|Shivpuri|64456|IN
46276|Sholayur|72328|IN
29473|Siana|26870|IN
50800|Siddhpur|74922|IN
37717|Sikar|64441|IN
50596|Sildubi|74706|IN
25205|Siliguri|27006|IN
26007|Silvassa|58085|IN
40953|Sindhudi|64457|IN
47916|Singrauli|67797|IN
13420|Sinquerim Beach|4052|IN
27895|Siolim|26241|IN
45236|Sirkazhi|68012|IN
45306|Sirsa|67878|IN
50342|Sirsi|74542|IN
43007|Sitalakhet|67907|IN
49554|Sitlakhet|73756|IN
49557|Skara|73758|IN
29477|Solan|27038|IN
34353|Solapur|27131|IN
37716|Somnath|64440|IN
37445|Sonamarg|27051|IN
50278|Spangmik|74465|IN
29479|Sravasti|26950|IN
38783|Sri Ganganagar|67295|IN
48210|Sri Kalahasti|200006|IN
29483|Srikakulam|26883|IN
15739|Srinagar|26816|IN
48433|Srinagar, Uttarakhand|72612|IN
37714|Sriperumbudur|64439|IN
45457|Stok|67983|IN
45229|Sultan Bathery|67517|IN
29503|Sunderban|27007|IN
42004|Sungal|67496|IN
6806|Surat|27000|IN
46767|Suratgarh|67924|IN
25882|Tala|63808|IN
23076|Tarangambadi|44698|IN
34907|Tawang|26903|IN
34586|Tezpur|26924|IN
49019|Thakurdwara|73272|IN
26323|Thalassery|60342|IN
29614|Thane|27132|IN
16788|Thanjavur|25441|IN
40964|Thanneermukkom|64461|IN
7516|Thekkady|23646|IN
34753|Theni|62293|IN
38746|Thiksey|65479|IN
51127|Thirunelli (Wayanad)|75181|IN
41964|Thodupuzha|67939|IN
29541|Thrissur|27093|IN
49399|Thumkunta|73604|IN
44904|Tinsukia|67407|IN
16783|Tiruchirappalli|25440|IN
34529|Tirunelveli|26919|IN
17069|Tirupati|23836|IN
6881|Tirupur|39723|IN
47868|Tiruttani|67588|IN
34207|Tiruvannamalai|61809|IN
45181|Titwala|67956|IN
50895|Trichy|200032|IN
42825|Trimbak|67764|IN
5939|Trivandrum|27157|IN
45014|Tura|67817|IN
33789|Turia|59808|IN
34535|Tuticorin|26920|IN
37240|Uchiyarda|64364|IN
5590|Udaipur|8897|IN
26983|Udupi|58347|IN
27925|Ujjain|27108|IN
21487|Umaria|27109|IN
45720|Una|27039|IN
31155|Unchagaon|39718|IN
47863|Uruli Kanchan|67461|IN
12967|Utorda Beach|27270|IN
31096|Uttarkashi|26976|IN
6697|Vadodara|26990|IN
33597|Vagamon|60457|IN
26580|Vagator|55837|IN
44766|Vaikom|66864|IN
5042|Vainguinim Beach|55838|IN
49095|Vajrahalli|73323|IN
40963|Vallikunnam|64460|IN
16261|Vandanmedu|14172|IN
28895|Vapi|27001|IN
20251|Varanasi|8901|IN
5281|Varca Beach|4054|IN
14066|Varkala|20172|IN
29673|Vasai|27133|IN
48136|Vasco da Gama|20214|IN
40002|Vayalar|62022|IN
36454|Vazhoor|43330|IN
25915|Velangani|26921|IN
34758|Vellore|62294|IN
7635|Velsao Beach|9728|IN
34091|Veraval|31931|IN
48277|Verem|72584|IN
5861|Vijayawada|26885|IN
6911|Visakhapatnam|26886|IN
45254|Vishakapatnam|67978|IN
45434|Vizianagaram|67982|IN
40954|Vrindavan|64458|IN
43045|Vythiri|67952|IN
48402|Wakad|72670|IN
45131|Wandoor|67866|IN
29714|Wankaner|27002|IN
48667|Warangal|26887|IN
23067|Wayanad|27094|IN
30647|Whitefield|62464|IN
18639|W�ste Thar|28037|IN
31178|Yamunotri|27191|IN
34781|Yavatmal|62295|IN
37711|Yelagiri|64438|IN
26413|Yercaud|26922|IN
42180|Yuksom|55844|IN
44357|Zirakpur|67574|IN
47822|Amphoe Ban Ta Khun|72504|TH
49612|Amphoe Doem Bang Nang Buat|74037|TH
18780|Amphoe Mueang Nan|64976|TH
48803|Amphoe Phunphin|73127|TH
48067|Amphoe Si Maha Phot|72490|TH
42583|Ang Thong|69065|TH
3661|Ao Nang Beach|877|TH
25485|Ao Prao Bay|4218|TH
33596|Aranyaprathet|55968|TH
13904|Ayutthaya|17896|TH
40548|Baan Grood|54439|TH
47788|Ban Chang|72468|TH
15449|Ban Harn Beach|23920|TH
42772|Ban Khlong Phruan|69017|TH
43968|Ban Khun Yuam|68766|TH
33667|Ban Krud|55969|TH
42104|Ban Phai|68955|TH
46009|Ban Rai|55956|TH
27838|Ban Rak Beach|42789|TH
10265|Ban Tai Beach|7302|TH
13969|Ban Tha Ton|17852|TH
50625|Bang Bo|74771|TH
50612|Bang kung|74759|TH
36226|Bang Niang|7555|TH
48547|Bang Phli|72742|TH
42218|Bang Rachan|69052|TH
48539|Bang Sao Thong|72734|TH
30791|Bang Saphan|22048|TH
4808|Bang Tao Bay|885|TH
515|Bangkok|864|TH
12700|Banglamung|28704|TH
8268|Bangsaen|14673|TH
50635|Bo Phloi|74776|TH
50583|Bo Phut|74747|TH
8120|Boat Lagoon|7305|TH
5720|Bophut Beach|867|TH
51015|Bueng Kan|75043|TH
41466|Buriram|55948|TH
7288|Cape Panwa|1012|TH
25848|Cape Yamu|51293|TH
8224|Cha Am|865|TH
37584|Chachoengsao|62690|TH
42546|Chaiyaphum|68964|TH
48718|Chalong|72879|TH
14034|Chalong Bay|27642|TH
47465|Chang Khlan|68861|TH
12140|Chang Lang Beach|14392|TH
42395|Changmoi|68373|TH
18605|Chanthaburi|32075|TH
4611|Chaweng Beach|868|TH
40132|Cherng Talay|54531|TH
32588|Chiang Dao|55957|TH
45420|Chiang Khan|55949|TH
25940|Chiang Khong|55958|TH
7980|Chiang Mai|1343|TH
8780|Chiang Rai|1345|TH
18621|Chiang Saen|10079|TH
15519|Choeng Mon Beach|869|TH
50571|Chom Thong|74695|TH
5488|Chonburi|28307|TH
50629|Chong Sadao|74764|TH
42644|Chum Phae|68969|TH
15666|Chumphon|25756|TH
47775|Damnoen Saduak District|72429|TH
50883|Dan Sai|74992|TH
42367|Don Kaeo|70015|TH
45616|Fa Ham|70409|TH
44434|Fang|68405|TH
42198|Haad Rin|68446|TH
48247|Haiya|72572|TH
47316|Hang Dong|72469|TH
24071|Hat Chao Samran|55947|TH
14913|Hat Yai|1834|TH
517|Hua Hin|866|TH
19792|Hua Thanon|55953|TH
10799|Insel Bulon Lae|43278|TH
18603|Insel Cham|33470|TH
26998|Insel Jum|66980|TH
9622|Insel Kho Khao|23700|TH
14363|Insel Klang|27377|TH
28838|Insel Kradan|32373|TH
14772|Insel Kut|27355|TH
40582|Insel Libong|58721|TH
16038|Insel Lipe|33471|TH
29538|Insel Madsum|58103|TH
27605|Insel Mak|57548|TH
34602|Insel Man Nork|61301|TH
25517|Insel Naka Yai|27266|TH
34601|Insel Phayam|40327|TH
35942|Insel Phra Thong|44045|TH
8067|Insel Yao Noi|19853|TH
15168|Insel Yao Yai|54537|TH
7590|Jomtien|880|TH
39849|Kaeng-Krachan-Nationalpark|27849|TH
12033|Kai Bae Beach|57836|TH
43284|Kalasin|69227|TH
3358|Kamala Beach|1564|TH
14434|Kamphaeng Phet|25757|TH
7441|Kanchanaburi|1835|TH
4295|Karon|887|TH
26779|Karon Noi Beach|7306|TH
9059|Kata Beach|1528|TH
25905|Kata Noi Beach|888|TH
16936|Kathu|37801|TH
48323|Kaw Kwang beach|72591|TH
15305|Khanom|29974|TH
50382|Khao Kho|74534|TH
5164|Khao Lak|889|TH
19200|Khao Phra Tamnak Beach|27652|TH
23447|Khao Sok|1793|TH
14480|Khao-Yai-Nationalpark|27381|TH
50643|Khlang|74783|TH
48530|Khlong Khut|72850|TH
48565|Khlong Luang|72761|TH
50660|Khlong Thom|74799|TH
13875|Khon Kaen|17862|TH
50569|Khong Chiam|74722|TH
13164|Khorat|25758|TH
50606|Khuan Krot|74756|TH
46840|Khuha Sawan|69316|TH
11209|Khuk Khak Beach|32455|TH
9635|Klong Dao Beach|14810|TH
10756|Klong Muang Beach|1438|TH
11860|Klong Prao Beach|22473|TH
7498|Ko Chang|1794|TH
12420|Ko Hae, Coral Island|4221|TH
9458|Ko Hai, Ko Ngai|10083|TH
48070|Ko Jum|72493|TH
48053|Ko Lan|72410|TH
6666|Ko Lanta|1565|TH
41884|Ko Lanta Yai|68346|TH
14900|Ko Mak|1161|TH
13816|Ko Nang Yuan Island|7299|TH
5397|Ko Phangan|17848|TH
10396|Ko Samed|7298|TH
48726|Ko Sichang (Amphoe Ko Sichang)|72887|TH
9487|Ko Sukorn|10082|TH
49175|Koh Lan|73485|TH
16037|Koh Muk|25364|TH
50943|Koh Samet|200080|TH
91|Koh Samui|871|TH
49488|Koh Sarai|73703|TH
12607|Koh Tao|14165|TH
2370|Krabi|4920|TH
39629|Kui Buri|55970|TH
49461|La-ngu|73696|TH
48442|Laem Chabang|16845|TH
19201|Laem Set Beach|4219|TH
8267|Laem Tong Beach|27647|TH
22892|Laem Yai Bay|27651|TH
12311|Lamai Beach|872|TH
15179|Lampang|22047|TH
45533|Lamphun|68058|TH
25463|Lat Bua Khao|63810|TH
45667|Lat Krabang|70001|TH
50559|Lat Ya|74748|TH
9607|Layan Beach|11007|TH
16653|Lipa Noi|55954|TH
4531|Loei|25914|TH
32224|Lopburi|55971|TH
21139|Lum Sum|59323|TH
37040|Mae Chan|55959|TH
48310|Mae Hi|72571|TH
12563|Mae Hong Son|1492|TH
49930|Mae On|74141|TH
46155|Mae Pim|68322|TH
14112|Mae Rim|1342|TH
41948|Mae Sai|68629|TH
46816|Mae Salong|33467|TH
50552|Mae Salong Nok|74740|TH
14021|Mae Sariang|27641|TH
8370|Mae Sot|1837|TH
48637|Mae Taeng|72901|TH
4654|Maenam Beach|873|TH
43759|Maha Sarakham|69901|TH
8203|Mai Khao Beach|8468|TH
8023|Maiton Island|4057|TH
50562|Mak Khaeng|74751|TH
47475|Makhamtia|68420|TH
39587|Maret|65821|TH
7332|Muang|57545|TH
50879|Mueang Kao|75002|TH
35864|Mukdahan|55950|TH
41801|Na Kluea|68102|TH
18686|Na Nai|33566|TH
48142|Na Thon|68625|TH
13144|Nai Harn Beach|3287|TH
46765|Nai Meuang|70002|TH
46933|Nai Mueang|70004|TH
12771|Nai Thorn|9790|TH
50558|Nai Wiang|74746|TH
13741|Nai Yang Beach|890|TH
4091|Nakalay Bay|7307|TH
42310|Nakhon Nayok City|69660|TH
14491|Nakhon Pathom|1836|TH
39137|Nakhon Phanom|36713|TH
45706|Nakhon Ratchasima|70323|TH
50881|Nakhon Ratchasima|74986|TH
13961|Nakhon Sawan|17854|TH
14448|Nakhon Si Thammarat|27378|TH
35441|Nan|37174|TH
51016|Nan|75046|TH
36973|Nang Thong Beach|14808|TH
25456|Nangrong|55951|TH
28175|Narathiwat|37175|TH
7484|Natien Beach|874|TH
43163|Noenphra|68153|TH
14000|Nong Khai|27640|TH
45923|Nong Khai|70096|TH
45460|Nong Pa Khrang|70315|TH
39914|Nong Prue|65827|TH
50654|Nong Ya Plong|74794|TH
16675|Nonthaburi|27675|TH
50628|Pa Sak|74774|TH
50959|Pa Wai|75009|TH
12550|Pai|27639|TH
42070|Pak Chong|68953|TH
46837|Pak Kret|70374|TH
47526|Pak Nam Pran|68423|TH
39861|Paknambran|10362|TH
26083|Pansea - Phuket|891|TH
48623|Pathio|72896|TH
43313|Pathum Thani|69741|TH
42303|Pathumthani|68809|TH
3301|Patong|892|TH
238|Pattaya|882|TH
50636|Phaeng|74777|TH
11175|Phang Nga|9722|TH
26500|Phang Tru|59326|TH
43612|Phatthalung|69307|TH
24853|Phayao|65015|TH
50630|Phe|74765|TH
14271|Phetchabun|27327|TH
15892|Phetchaburi|17873|TH
8729|Phi Phi Island / Ko Pee Pee|884|TH
15263|Phitsanulok|19852|TH
43887|Phlu Ta Luang|70131|TH
50580|Phong Prasat|74733|TH
35844|Phrae|44085|TH
49420|Phu Ruea|73681|TH
42449|Phu Wiang|68890|TH
6856|Phuket|893|TH
25505|Phuket-Stadt|64128|TH
51019|Pimaan|75052|TH
20103|Plai Laem|62933|TH
50829|Pluak Daeng|74961|TH
42953|Pong|69532|TH
21418|Prachinburi|42726|TH
18842|Prachuap Khiri Khan|36475|TH
9860|Pran Buri|7308|TH
39862|Puk Tian|65825|TH
12109|Racha Yai Island|14391|TH
18006|Ranong|27328|TH
34242|Ratchaburi|62492|TH
8935|Rawai|1529|TH
9744|Rayong|1186|TH
35428|Roi Et|37176|TH
50997|Rong Kat|75044|TH
50615|Rop Wiang|74762|TH
42673|Sa Kaeo|57977|TH
48537|Sa Khu|72732|TH
47302|Sadao|72479|TH
50607|Saen Suk|74757|TH
25479|Sai Kaew|37234|TH
50582|Sai Thai|74744|TH
16339|Sai Yok|59320|TH
26491|Sai Yok National Park|59322|TH
39891|Sairee Beach|57835|TH
42092|Sakon Nakhon|69150|TH
48271|Sala Dan|72568|TH
50595|Saladan|74704|TH
50620|Salakdai|74755|TH
50638|Salaya|74779|TH
39857|Sam Roi Yot|65824|TH
2572|Samut Prakan|57700|TH
34239|Samut Sakhon|62491|TH
26838|Samut Songkhram|57456|TH
32391|San Kamphaeng|40328|TH
47285|San Pa Tong|72466|TH
48374|San Sai|72703|TH
26471|Sangkhaburi|59321|TH
19291|Santi Beach|1348|TH
29704|Saraburi|62488|TH
48457|Saraphi|72659|TH
43323|Sattahip|55961|TH
3305|Satun|31317|TH
35136|Si Racha|37177|TH
42471|Si Sa Ket|69213|TH
50658|Si Songkhram|74797|TH
15336|Sichon|36869|TH
44419|Sikao|55967|TH
26451|Sing|59325|TH
42267|Sing Buri|69053|TH
18598|Songkhla|31041|TH
42936|Sri Thanu|68209|TH
50578|SuanPhung|74731|TH
13926|Sukhothai|17857|TH
34234|Suphanburi|62490|TH
50705|Surathani|74824|TH
14014|Suratthani|36870|TH
25602|Surin|57945|TH
10270|Surin Beach|14296|TH
34028|Tak|55960|TH
49610|Takua Pa|74036|TH
49012|Takua Thung|73103|TH
50598|Talat Nuea|74708|TH
48751|Taling Chan|72992|TH
15476|Taling Ngam Beach|3286|TH
50555|Tha Chang|74742|TH
50882|Tha Khoei|74987|TH
50584|Tha Kradan|74736|TH
39803|Tha Mai Ruak|65823|TH
43467|Tha Sala|70342|TH
12796|Tha Sao|59324|TH
32162|Tha Taphao|28708|TH
32560|Tha Ton|65262|TH
48880|Tha Yang|73201|TH
16287|Thai Muang|61387|TH
48534|Thailand|12426|TH
50574|Thaisamakkhi|74726|TH
25441|Thalang|55964|TH
49343|Thap Sakae|73482|TH
42301|That Phanom|68743|TH
50557|Thep Kasattri|74745|TH
1954|Thong Nai Pan Beach|7300|TH
26416|Thong Pha Phum|59319|TH
50646|Thong Sala|74786|TH
25156|Thong Ta Kian Beach|876|TH
46718|Thung Song|70185|TH
50577|Thung Yao|74730|TH
26875|Trang|17543|TH
18734|Trat|27653|TH
32349|Tritrang Bay|10366|TH
50653|Trok Nong|74793|TH
15912|Ubon Ratchathani|22050|TH
14498|Udon Thani|22049|TH
23140|Uthai Thani|35132|TH
36262|Uttaradit|44839|TH
43206|Waeng Nang|70121|TH
42562|Wang Nam Khieo|69539|TH
39770|Wang Phong|65822|TH
49025|Warin Chamrap|73268|TH
50375|Wat Chan|74532|TH
12509|White Sand Beach|23799|TH
43082|Wiang|70120|TH
48602|Wiang Pa Pao|72804|TH
34761|Wichit|58688|TH
46915|Yan Ta Khao|70013|TH
35861|Yasothon|63854|TH
36126|Abberley|21314|UK
49119|Abbotsbury|73312|UK
25326|Aberaeron|32285|UK
23647|Abercraf|56467|UK
25330|Aberdare|52248|UK
1292|Aberdeen|298|UK
20914|Aberdour|17256|UK
23948|Aberdovey|32289|UK
21610|Aberfeldy|23247|UK
10578|Aberfoyle|13723|UK
24238|Abergavenny|26035|UK
3275|Abergele|34829|UK
22538|Aberlady|52101|UK
22739|Aberlour|21321|UK
20951|Aberporth|32178|UK
48693|Abersoch|72939|UK
3772|Aberystwyth|21322|UK
7806|Abingdon|14526|UK
19128|Abington|66733|UK
31028|Abington|23181|UK
17244|Aboyne|17936|UK
23940|Accrington|21324|UK
30982|Achnasheen|39730|UK
19257|Acle|21328|UK
21501|Acton Trussell|64071|UK
47490|Adbaston|67623|UK
47565|Adderbury|68793|UK
48551|Addlestone|72747|UK
10685|Aghadowey|12363|UK
46376|Aghnablaney|52315|UK
47114|Aikton|68540|UK
10503|Airth|16460|UK
32064|Albourne|52664|UK
14353|Albury|51187|UK
19228|Alcester|21362|UK
26544|Aldbury|61654|UK
25263|Aldeburgh|21364|UK
25466|Aldergrove|57707|UK
28732|Alderley Edge|21366|UK
40009|Aldermaston|61656|UK
20211|Aldershot|39731|UK
33277|Alderton, Wiltshire|61998|UK
28821|Alexandria|59574|UK
25160|Alford|21371|UK
22114|Alfreton|21372|UK
8426|Alfriston|11274|UK
24663|Alkham|52665|UK
13761|Allensford|21374|UK
39064|Allerford|66727|UK
17161|Allesley|18053|UK
13783|Allhallows|11938|UK
45926|Allington|68803|UK
33109|Alloa|60325|UK
23733|Almondsbury|52666|UK
25111|Alnmouth|57399|UK
24039|Alnwick|21380|UK
45693|Alrewas|67621|UK
20106|Alsager|39732|UK
6097|Alston|43118|UK
18803|Alton|21389|UK
17567|Altrincham|19762|UK
19119|Alwalton|21391|UK
48223|Alweston|72525|UK
693|Alyth|43686|UK
39331|Amble|66579|UK
2986|Ambleside|16461|UK
17963|Amersham|34830|UK
1508|Amesbury|9174|UK
24027|Amlwch|26061|UK
48850|Ammanford|73170|UK
47891|Amroth|52249|UK
28529|Andover|21414|UK
31133|Angmering|39735|UK
26540|Angus|37869|UK
32153|Annan|39736|UK
15073|Anstruther|36761|UK
14949|Antrim|21426|UK
11136|Appin|23136|UK
20151|Appleby Magna|25720|UK
35306|Appleby Parva|63941|UK
24018|Appleby-in-Westmorland|18709|UK
39138|Appleshaw|67115|UK
48041|Arbroath|72370|UK
42170|Ardersier|67561|UK
24512|Ardfern|52104|UK
22676|Ardgay|23142|UK
21832|Ardley|66703|UK
20583|Ardrishaig|66227|UK
17018|Ardvasar|23495|UK
10872|Argyll|6387|UK
44000|Arisaig|52105|UK
46791|Arkendale|67926|UK
41017|Armadale|64419|UK
17971|Armagh|21454|UK
50769|Armathwaite|74887|UK
26908|Arniston|52106|UK
38361|Arrochar|52107|UK
4920|Arrow|70543|UK
5601|Arundel|16756|UK
6720|Ascot|16462|UK
26924|Ash, Dover|24859|UK
5775|Ash, South Somerset|70168|UK
23467|Ashbourne|21474|UK
22198|Ashburton|52667|UK
24729|Ashby St Ledgers|61939|UK
20471|Ashby-de-la-Zouch|39827|UK
5846|Ashford|9191|UK
38674|Ashford-in-the-Water|66718|UK
40356|Ashington|52347|UK
47596|Ashprington|52668|UK
47387|Ashton|51220|UK
38722|Ashton-under-Lyne|52348|UK
26325|Astbury|62004|UK
45159|Asthall|67867|UK
6248|Aston|70180|UK
21468|Atherstone|39738|UK
26496|Attleborough|52669|UK
38113|Auchencrow|66700|UK
10889|Auchterader|13722|UK
25731|Auldgirth|52108|UK
11474|Aultbea|13940|UK
36035|Aveley|63816|UK
6261|Aviemore|13942|UK
38394|Avoch|66922|UK
41933|Avonwick|68185|UK
19301|Axbridge|21515|UK
11012|Axminster|14650|UK
15852|Aylesbury|21517|UK
42658|Aylmerton|52670|UK
39934|Ayot Saint Lawrence|62389|UK
1448|Ayr|12400|UK
11431|Babbacombe|13916|UK
32269|Backwell|69718|UK
50712|Bacton|35350|UK
39939|Badingham|62323|UK
39883|Badminton|21527|UK
22829|Baginton|52349|UK
13696|Bagshot|21531|UK
29127|Bailiff Bridge|61992|UK
32595|Bainbridge|59571|UK
24784|Bakewell|59625|UK
25035|Bala|21539|UK
1683|Baldock|21542|UK
12662|Ballachulish|11278|UK
19463|Ballantrae|63178|UK
9046|Ballater|307|UK
23122|Ballinderry|60288|UK
42664|Ballinluig|67568|UK
16734|Ballintoy|24964|UK
45416|Balloch|52109|UK
30208|Ballycastle|52317|UK
32561|Ballyclare|59565|UK
13402|Ballygally|9777|UK
27677|Ballymena|21545|UK
23118|Ballymoney|61934|UK
23606|Ballynahinch|53331|UK
22766|Balmaha|21548|UK
45286|Balquhidder|52113|UK
38014|Balsall Common|66101|UK
11467|Balvicar|13937|UK
24825|Bamburgh|52350|UK
21028|Bampton|59280|UK
32945|Bampton|43268|UK
40514|Banbridge|23627|UK
4922|Banbury|16463|UK
9011|Banchory|14990|UK
3314|Banff|23175|UK
19273|Bangor|21554|UK
21923|Bangor|61163|UK
39109|Bardon Mill|67344|UK
43917|Bardsea|70803|UK
27211|Barham|51189|UK
35547|Barlborough|66397|UK
44794|Barley|67354|UK
22146|Barmouth|317|UK
22833|Barnard Castle|48610|UK
41742|Barnby|67735|UK
7373|Barnet|21571|UK
23162|Barnet-Cricklewood|22210|UK
29935|Barnet-Finchley|22503|UK
39245|Barnetby le Wold|66992|UK
21061|Barnham Broom|52675|UK
36639|Barningham|60851|UK
38787|Barnoldswick|66562|UK
18008|Barnsley|21572|UK
19587|Barnstaple|23213|UK
1322|Barrow-in-Furness|21576|UK
33455|Barrow-upon-Humber|60447|UK
49405|Barrows Green|73611|UK
6835|Barry|21577|UK
36251|Bartle|70290|UK
41410|Barton on Sea|67173|UK
19188|Barton Stacey|67196|UK
19207|Barton-under-Needwood|52352|UK
24446|Barton-upon-Humber|39739|UK
15678|Basildon|21581|UK
15559|Basingstoke|20261|UK
44395|Baslow|52353|UK
4771|Bassenthwaite|33108|UK
1330|Bath|9160|UK
14310|Bathgate|21588|UK
31137|Batley|21591|UK
22282|Battle|35319|UK
42889|Battlesbridge|68144|UK
21687|Bawtry|21595|UK
21895|Bay Horse|66705|UK
49079|Baycliff|73280|UK
8810|Bayton|11305|UK
9122|Beaconsfield|17534|UK
28941|Beadnell|52354|UK
33310|Beaminster|21600|UK
37581|Beanacre|52677|UK
11296|Beattock|13876|UK
46209|Beaufort|70367|UK
18024|Beaulieu|21601|UK
6075|Beauly|13877|UK
30737|Beaumaris|21604|UK
37393|Beaumont|64749|UK
50772|Beaworthy|74891|UK
24610|Beccles|52678|UK
46342|Beckenham|66312|UK
41985|Beckermet|67706|UK
19204|Beckington|21612|UK
48008|Beckley|49650|UK
21758|Bedale|21613|UK
24005|Beddgelert|26030|UK
15422|Bedford|16464|UK
21619|Beith|42780|UK
2691|Belfast|9258|UK
46498|Belford|52355|UK
10056|Belleek|11368|UK
15561|Bellshill|20262|UK
19690|Belper|21631|UK
41499|Belton|52356|UK
39264|Bembridge|52679|UK
31199|Benbecula|32299|UK
36082|Benson|14943|UK
24638|Berkeley|61945|UK
27908|Berkhamsted|33109|UK
48688|Berriew|72936|UK
13785|Berwick|9242|UK
48541|Besthorpe|72736|UK
22357|Betchworth|52682|UK
11434|Bethersden|13919|UK
28870|Bethesda|52251|UK
44083|Bethlehem|71259|UK
39375|Bettyhill|67488|UK
4651|Betws-y-Coed|19857|UK
15772|Beverley|21663|UK
39055|Bewdley|52357|UK
20070|Bexhill-on-Sea|21666|UK
30116|Bexley|21667|UK
27208|Bexleyheath|36612|UK
19580|Bibury|21675|UK
15777|Bicester|21676|UK
21116|Bicker|66231|UK
9858|Bideford|12196|UK
23032|Bidford-on-Avon|63678|UK
4270|Biggar|6388|UK
45553|Bildeston|67830|UK
31435|Billericay|33110|UK
19176|Billingshurst|39741|UK
41205|Bilston|66253|UK
38843|Bilton-in-Ainsty|66564|UK
44777|Bingham|67675|UK
17665|Bingley|52360|UK
15570|Birchington|24860|UK
48511|Birdham|72832|UK
24183|Birkenhead|21688|UK
4642|Birmingham|300|UK
34903|Birnam|52117|UK
47502|Birstwith|67807|UK
25709|Bishop Auckland|21692|UK
49117|Bishop's Castle|73315|UK
4613|Bishop's Stortford|19858|UK
47013|Bishops Frome|68778|UK
51116|Bishops Lydeard|75197|UK
32325|Bishopston|65735|UK
21665|Bishopton|39742|UK
33258|Black Torrington|60328|UK
47627|Blackawton|70282|UK
14985|Blackburn|21697|UK
37041|Blackhall Colliery|62063|UK
1491|Blackpool|16465|UK
31679|Blackwaterfoot|33111|UK
45046|Blaenau Ffestiniog|67973|UK
42094|Blaencwm|68549|UK
6994|Blair Atholl|52118|UK
15834|Blairgowrie|21704|UK
45404|Blakesley|67846|UK
22459|Blandford Forum|21705|UK
48748|Bledington|52685|UK
51065|Bletchingdon (Oxfordshire)|52686|UK
50839|Blewbury|74834|UK
6118|Blockley|43269|UK
27879|Blubberhouses|62244|UK
49081|Blue Bell Hill|73310|UK
40243|Bluntisham|62085|UK
21814|Blyth|39743|UK
41902|Blyton|68586|UK
44865|Boarstall|65233|UK
11347|Boat of Garten|30994|UK
15787|Bobbing|28382|UK
45123|Boddam|68007|UK
12155|Bodelwyddan|9166|UK
18675|Bodmin|39744|UK
4300|Bognor Regis|9195|UK
48942|Bolney|52688|UK
6025|Bolton|17240|UK
33340|Bolton-by-Bowland|62001|UK
33267|Boltongate|63664|UK
48669|Boncath|72966|UK
8521|Bonnyrigg|9483|UK
39069|Bootle|66224|UK
33544|Bordon|60453|UK
48113|Boreham, Wiltshire|72289|UK
13714|Borehamwood|21746|UK
30760|Boroughbridge|21748|UK
45322|Borrowdale|70284|UK
48648|Borth|52253|UK
39355|Borve|66658|UK
41133|Boscastle|52613|UK
41867|Boscombe|67937|UK
23143|Boston|21751|UK
49122|Boswinger|52614|UK
8759|Bouley Bay|11291|UK
24901|Bourne|48605|UK
1018|Bournemouth|9192|UK
47604|Bourton-on-the-Water|52689|UK
20735|Bovey Tracey|11267|UK
10203|Bovingdon|17232|UK
23164|Bowburn|52363|UK
19649|Bower Hinton|66653|UK
26047|Bowland Bridge|62056|UK
47826|Bowmanstead|72508|UK
1461|Bowness-on-Windermere|21768|UK
48340|Boyton|72637|UK
23289|Brackley|21773|UK
13715|Bracknell|19786|UK
51137|Braco|75196|UK
4321|Bradford|19692|UK
22628|Bradford on Avon|21775|UK
47562|Bradwell|67811|UK
12905|Braemar|16459|UK
25834|Braintree|21776|UK
21057|Braithwaite|52364|UK
26559|Brampton|33112|UK
23216|Brandon|52691|UK
39301|Brandon|66578|UK
49118|Branscombe|73302|UK
26305|Bransford|62325|UK
39898|Braunston|52365|UK
24789|Braunton|43545|UK
20324|Bray|21783|UK
22756|Brechin|23163|UK
19860|Brecon|23219|UK
32070|Brent Knoll|52693|UK
18237|Brentwood|21787|UK
42009|Brewood|52366|UK
50143|Bridge of Allan|52121|UK
12721|Bridge of Allen|9216|UK
30606|Bridge of Cally|32257|UK
51115|Bridge of Earn|52122|UK
485|Bridgend|17399|UK
48468|Bridgnorth|52367|UK
20350|Bridgwater|21796|UK
2547|Bridlington|21797|UK
26485|Bridport|52694|UK
19248|Brierley Hill|66722|UK
24865|Brigg|52368|UK
20030|Brighouse|21802|UK
39277|Brighstone|67121|UK
2480|Brighton|9162|UK
41718|Brigstock|67731|UK
19699|Brimington|52695|UK
29235|Brisco, Cumbria|61996|UK
4676|Bristol|9177|UK
19569|Brixham|21809|UK
24762|Broad Chalke|59676|UK
26300|Broadheath|62324|UK
41634|Broadmayne|66604|UK
23657|Broadstairs|31328|UK
1927|Broadway|16466|UK
48449|Broadway|72720|UK
16216|Brockenhurst|21812|UK
50458|Brockworth|74667|UK
28193|Brodick|21814|UK
37501|Bromborough|63927|UK
22049|Brome|52696|UK
42489|Bromfield|67718|UK
24268|Bromley|21816|UK
25720|Brompton Regis|62050|UK
39427|Brompton-on-Swale|66581|UK
17905|Bromsgrove|19693|UK
24483|Bromyard|21818|UK
44980|Broomhill|67356|UK
11351|Brora|13884|UK
39853|Brough|39846|UK
22592|Broughton|51059|UK
50984|Broughton (Lancashire)|75080|UK
20089|Broughton Astley|52370|UK
33387|Broughty Ferry|62396|UK
20054|Broxted|21824|UK
48444|Brynmenyn|72716|UK
27181|Buckfastleigh|52699|UK
33898|Buckie|23246|UK
19223|Buckingham|21834|UK
48906|Bucknell|73225|UK
19339|Bucksburn|66717|UK
7138|Bude|9179|UK
42060|Budleigh Salterton|67941|UK
24821|Builth Wells|26073|UK
31053|Bulkington|21843|UK
40367|Bunessan|52127|UK
47716|Bungay|36845|UK
19761|Burford|21850|UK
39721|Burghclere|52700|UK
51152|Burleigh|75190|UK
19740|Burley|51222|UK
26342|Burnham Market|36847|UK
33498|Burnham-on-Crouch|63677|UK
12846|Burnham-on-Sea|9238|UK
33572|Burniston|62291|UK
2690|Burnley|21857|UK
23670|Burntisland|52129|UK
34050|Burrelton|72268|UK
24261|Burrington|32273|UK
29052|Burrowbridge|61991|UK
25347|Burry Port|56565|UK
33285|Burton|62393|UK
36214|Burton Agnes|67541|UK
820|Burton upon Trent|18708|UK
2943|Bury|19200|UK
2735|Bury Saint Edmunds|19213|UK
24955|Bushmills|31435|UK
39945|Busta|52131|UK
35477|Buxted|36942|UK
5136|Buxton|19694|UK
42193|Byfleet|68368|UK
27617|Cadmore End|65553|UK
19795|Cadnam|52702|UK
38564|Caerleon|66556|UK
15675|Caernarfon|17972|UK
21051|Caerphilly|39746|UK
24403|Caersws|21876|UK
46034|Caerwent|71211|UK
20765|Calder Bridge|39748|UK
14328|Callander|17880|UK
25603|Calne|21887|UK
25522|Camber|41220|UK
4363|Camberley|17234|UK
37054|Camborne|21892|UK
2827|Cambridge|9201|UK
22214|Camelford|39749|UK
35776|Camerton|67492|UK
8548|Campbeltown|24539|UK
34054|Cannich|52135|UK
20704|Cannington, Somerset|61960|UK
22116|Cannock|33113|UK
42251|Canonbie|52136|UK
9507|Canterbury|16410|UK
49529|Canvey Island|73727|UK
50108|Canvey Island|74309|UK
19133|Capel St. Mary|66810|UK
48169|Capel, Surrey|72346|UK
3943|Cardiff|301|UK
3646|Cardigan|18710|UK
41883|Cardington|67652|UK
7318|Carlisle|21931|UK
31209|Carloway|32301|UK
44683|Carlton (Rothwell)|67028|UK
25912|Carluke|39836|UK
22103|Carmarthen|21934|UK
25631|Carnforth|39750|UK
11143|Carnlough|9260|UK
18992|Carnoustie|20078|UK
27427|Carradale|52137|UK
15565|Carrbridge|21939|UK
17706|Carrickfergus|21940|UK
25736|Carsethorn|62051|UK
48552|Carstairs|72748|UK
48717|Carthew|72878|UK
26052|Cartmel|62057|UK
18849|Cassington (Oxfordshire)|65458|UK
11039|Castel|10825|UK
25345|Castle Cary|52704|UK
23105|Castle Combe|21955|UK
12407|Castle Donington|21956|UK
26501|Castle Douglas|52139|UK
50311|Castlederg|74480|UK
22954|Castleford|21957|UK
6289|Castleton|11311|UK
15784|Castleton|63709|UK
38988|Catterick|66571|UK
33119|Cawood|62338|UK
39604|Cemaes Bay|52256|UK
5928|Chadderton|19841|UK
19926|Chagford|52706|UK
22599|Chalfont Saint Giles|51060|UK
25359|Chalfont St Peter|56566|UK
22226|Chapel Brampton|66259|UK
50986|Chapelhall|75051|UK
21301|Chapeltown|51274|UK
48478|Chapmanslade|72856|UK
11294|Chard|39753|UK
24691|Charing|37872|UK
28016|Charlbury|52710|UK
51134|Charlestown|75211|UK
29750|Charlton|51192|UK
41968|Charlton Marshall|69047|UK
29586|Charlwood|52711|UK
27178|Charmouth|52713|UK
15568|Chartham|61629|UK
12085|Chatham|22027|UK
22556|Chathill|59573|UK
9132|Cheadle|17535|UK
24934|Cheddar|22038|UK
41800|Chedgrave|67739|UK
40389|Chelmarsh|70192|UK
6844|Chelmsford|22041|UK
6785|Cheltenham|12392|UK
35555|Chenies|70321|UK
18260|Chepstow|22043|UK
7607|Chertsey|44689|UK
21330|Chesham|39754|UK
23265|Cheshire|16314|UK
21374|Cheshunt|22045|UK
38206|Chessington|52652|UK
3357|Chester|9208|UK
39575|Chester-le-Street|66284|UK
14490|Chesterfield|22052|UK
12848|Chichester|9239|UK
21819|Chieveley|66398|UK
42265|Chilworth|69658|UK
51068|Chinnor (Oxfordshire)|52714|UK
21845|Chippenham|22066|UK
12938|Chipping Campden|16467|UK
16482|Chipping Norton|22067|UK
28152|Chirnside|60415|UK
36114|Chiseldon|68039|UK
45932|Chittlehampton|70097|UK
41823|Cholmondeley|67646|UK
39155|Choppington|66574|UK
22152|Chorley|22072|UK
13607|Christchurch|22074|UK
23038|Chulmleigh|52716|UK
41435|Church Fenton|66593|UK
19890|Church Stretton|52378|UK
29137|Churston Ferrers|52717|UK
24756|Churt|22077|UK
27891|Cilmeri|61994|UK
865|Cirencester|22082|UK
12868|Clacton-on-Sea|9245|UK
24563|Clanfield|51195|UK
51037|Clanfield (Hampshire)|75101|UK
38300|Clapham|65532|UK
42160|Clarencefield|69482|UK
37701|Claygate|62307|UK
35838|Clayton-le-Woods|66361|UK
22296|Clearwell|52720|UK
31038|Cleator|22095|UK
23200|Cleckheaton|22096|UK
4600|Cleethorpes|22097|UK
24041|Clevedon|22099|UK
47462|Cley next the Sea|67727|UK
18759|Clifton|22100|UK
46937|Clifton Upon Teme|71973|UK
20031|Climping|52721|UK
22479|Clitheroe|22101|UK
44711|Clogher|67055|UK
8423|Clovelly|11273|UK
47827|Clutton|67023|UK
33547|Clydebank|22103|UK
32086|Coalbrookdale|52380|UK
48967|Coalport|73066|UK
23262|Coalville|52381|UK
39035|Coatbridge|66462|UK
15571|Cobham|20263|UK
11449|Cock Bridge|13928|UK
20723|Cockermouth|22117|UK
23585|Coggeshall|33114|UK
811|Colchester|17973|UK
725|Coldstream|39756|UK
20894|Coleford|33115|UK
23206|Coleraine|59637|UK
10275|Colerne|36616|UK
19601|Coleshill|51258|UK
32610|Colinsburgh|59576|UK
48486|Collingbourne Ducis|72863|UK
25272|Collingbourne Kingston|52725|UK
47680|Collyweston|70517|UK
24385|Colnbrook|52653|UK
27259|Colne|60577|UK
39181|Coltishall|60746|UK
10542|Colwyn Bay|9204|UK
38600|Colyford|66947|UK
42139|Colyton|67942|UK
30865|Comrie|52144|UK
24409|Congleton|23224|UK
39656|Coningsby|67270|UK
38367|Coniston|52382|UK
39510|Coniston Cold|62306|UK
11321|Connel|13883|UK
39832|Conon Bridge|52145|UK
44457|Consett|59630|UK
22920|Contin|32296|UK
18281|Conwy|22153|UK
23136|Cookstown|52320|UK
10321|Copthorne|26188|UK
28229|Coptiviney|60427|UK
28946|Corbridge|52384|UK
1505|Corby|20264|UK
39926|Corfe Castle|62381|UK
25624|Cornhill-on-Tweed|52385|UK
47352|Cornwall|28772|UK
10601|Corpach|12395|UK
20330|Corsham|39777|UK
42485|Corton|68133|UK
26217|Corwen|52257|UK
20928|Cottingham|39758|UK
41443|Cotton Stones|67329|UK
23682|Cove|52146|UK
2573|Coventry|16468|UK
20936|Cowes|22192|UK
28991|Cowshill|61986|UK
38523|Coxhoe|66207|UK
50776|Coxley|74898|UK
44720|Coxwold|67036|UK
8550|Craigellachie|11281|UK
17819|Craignure|23250|UK
28266|Crail|52148|UK
41303|Cranborne|67190|UK
24524|Cranbrook|32367|UK
32722|Cranfield|61402|UK
42421|Cranleigh|69278|UK
36195|Cranwell|52386|UK
44775|Craven Arms|66865|UK
10892|Crawfordsburn|17423|UK
10700|Crawley|22202|UK
20673|Creaton|52387|UK
27318|Crediton|52726|UK
42229|Creetown|52149|UK
3486|Crewe|17592|UK
43071|Crewkerne|52727|UK
11445|Crianlarich|13923|UK
20116|Criccieth|22208|UK
22170|Crick|22209|UK
40339|Crickheath|62243|UK
23309|Crickhowell|26036|UK
12073|Crieff|14653|UK
24017|Cromarty|22214|UK
22770|Cromer|35352|UK
47186|Crondall|71983|UK
38648|Crookham|67062|UK
26773|Cropredy|66977|UK
34501|Cropton|52389|UK
50372|Crosby-on-Eden|74510|UK
47679|Crosskeys|72296|UK
46291|Crossmaglen|66306|UK
18305|Crowthorne|34832|UK
22494|Croxdale|52391|UK
10764|Croy|17246|UK
14860|Croydon|57980|UK
32134|Crudwell|52733|UK
28541|Crumlin|52321|UK
22061|Cuckfield|22221|UK
51056|Cuddesdon (Oxfordshire)|75105|UK
51067|Culham|52734|UK
15999|Cullen|17988|UK
10694|Culloden Moor|23139|UK
22626|Cullompton|23212|UK
18779|Cumbernauld|17324|UK
6095|Cumbria|22227|UK
27325|Cumnock|60578|UK
10035|Cupar|13721|UK
25327|Cushendall|57838|UK
29562|Cwmbran|52262|UK
29238|Cwmduad|61997|UK
11459|Dairsie|13934|UK
24747|Dalbeattie|22235|UK
31176|Daliburg|32297|UK
15667|Dalkeith|36877|UK
50848|Dalmally|23135|UK
39048|Dalton Piercy|66984|UK
47847|Dalton-in-Furness|67327|UK
22209|Dalwhinnie|22240|UK
24500|Danby|22242|UK
17718|Darlington|18105|UK
23764|Darrington|61931|UK
47706|Darsham|72340|UK
15594|Dartford|20265|UK
12005|Dartmoor|16315|UK
24630|Dartmouth|22247|UK
21150|Darwen|52395|UK
23297|Daventry|22251|UK
24020|Dawlish|22252|UK
24008|Deal|22257|UK
45837|Deanscales|70299|UK
49075|Dearham|73297|UK
30892|Deddington|22259|UK
29463|Dedham|32278|UK
41891|Delph|67358|UK
20956|Denbigh|43119|UK
35425|Denham|51196|UK
38682|Denholm|66956|UK
33860|Denny|23194|UK
31315|Denton|22269|UK
4689|Derby|16469|UK
22664|Dereham|22271|UK
42001|Desborough|52397|UK
42084|Desford|67748|UK
25297|Devizes|22276|UK
24480|Devon|22277|UK
18725|Dewsbury|59631|UK
51066|Didcot|74831|UK
20835|Didsbury|69973|UK
11463|Digg|13936|UK
50377|Dinas Dinlle|52264|UK
36069|Dinas Mawddwy|52265|UK
10897|Dingwall|9487|UK
21103|Diss|22289|UK
47932|Doddington|68173|UK
50600|Dodworth|52399|UK
10913|Dolgellau|13724|UK
33971|Dollarbeg|60310|UK
20967|Dolwyddelan|43120|UK
6144|Doncaster|16470|UK
3340|Dorchester|22305|UK
4344|Dorchester-on-Thames|36618|UK
10734|Dorking|17244|UK
7406|Dornoch|9219|UK
47893|Dorrington (Shropshire)|67633|UK
25700|Dorset|22308|UK
4854|Douglas|20266|UK
42916|Dousland|69611|UK
12477|Dover|9186|UK
46786|Downderry|69008|UK
45105|Downham|68002|UK
43894|Downham Market|70348|UK
27974|Downton on the Rock|52401|UK
25706|Driffield|22323|UK
2699|Droitwich|22325|UK
24634|Dromore, County Down|61933|UK
29041|Dronfield|65394|UK
20477|Droxford|63648|UK
4342|Drumnadrochit|13938|UK
5242|Drymen|9217|UK
46505|Duddo|67318|UK
18893|Dudley|322|UK
28924|Dufftown|52157|UK
24942|Dukinfield|22336|UK
31166|Dulnain Bridge|32295|UK
25498|Dulverton|22337|UK
19326|Dumbarton|22339|UK
22658|Dumbleton|52966|UK
5617|Dumfries|22340|UK
25278|Dunbar|22342|UK
12673|Dunblane|9211|UK
19238|Dunchurch|66911|UK
13015|Dundee|16471|UK
11313|Dundonnell|13885|UK
2343|Dunfermline|13880|UK
28933|Dungannon|52323|UK
48218|Dunham|72550|UK
45037|Dunhampton|67821|UK
3339|Dunkeld|9164|UK
24009|Dunkeswell|52740|UK
50707|Dunnet|74962|UK
10453|Dunoon|9223|UK
28826|Duns|59616|UK
14634|Dunstable|23223|UK
29438|Dunster|52742|UK
47246|Dunvegan|52158|UK
1684|Durham|12193|UK
24749|Durness|52159|UK
16776|Duror|24967|UK
49123|Dwygyfylchi|73316|UK
4205|Dyce|66075|UK
11456|Dykehead|13930|UK
46759|Dymchurch|52743|UK
39644|Eaglescliffe|66587|UK
35945|Eaglesham|67395|UK
24188|Ealing|22729|UK
48131|Eardisley, Herefordshire|72412|UK
24624|Earlswood|61662|UK
48659|Easington|72963|UK
23096|Easingwold|52403|UK
13747|East Grinstead|33116|UK
23210|East Hoathly|60439|UK
19137|East Horndon|22352|UK
17983|East Horsley|19703|UK
49890|East Ilsley|74055|UK
10210|East Kilbride|17233|UK
46528|East Linton|66158|UK
15567|East Malling|24858|UK
12833|East Taphouse|9232|UK
28389|East Tisted|62010|UK
3423|Eastbourne|9196|UK
42576|Eastbridge|67724|UK
31181|Eastcote|66077|UK
19218|Eastington|67226|UK
18238|Eastleigh|22361|UK
36958|Easton on the Hill|62315|UK
21658|Eastwood|67091|UK
47454|Eaton|67805|UK
46676|Eaton Ford|68334|UK
32602|Ecclefechan|34833|UK
20088|Eckington|66222|UK
21621|Ecton|52405|UK
41946|Edenbridge|59638|UK
49046|Edern|73101|UK
46533|Edgware|66300|UK
26363|Edinbane|52161|UK
1048|Edinburgh|308|UK
42494|Edington|69062|UK
41931|Edmundbyers|52406|UK
42838|Edwinstowe|67902|UK
49136|Edwinstowe|73306|UK
41818|Edzell|67698|UK
15646|Egham|22372|UK
20213|Eglwys Fach|66948|UK
10855|Elgin|28864|UK
41426|Elland|66591|UK
48676|Ellerby|72968|UK
20819|Ellesmere Port|22382|UK
40247|Ellington|62086|UK
9948|Ellon|17405|UK
17527|Elstree|16472|UK
39802|Elterwater|52408|UK
46977|Eltisley|68536|UK
48702|Elton|72875|UK
48473|Elvington|72723|UK
19124|Ely|22386|UK
41832|Embleton|52409|UK
41669|Embsay|67336|UK
19170|Emsworth|52754|UK
23225|Enfield|22392|UK
20891|Ennerdale and Kinniside|39763|UK
10727|Enniskillen|12376|UK
19216|Epping|22407|UK
21305|Epsom|39764|UK
20396|Erdington|66216|UK
31156|Eriska|32292|UK
42567|Ermington|70105|UK
18806|Erskine|17325|UK
24780|Escrick|65552|UK
25649|Esher|39765|UK
15104|Essex|22421|UK
37161|Etchingham|41216|UK
30510|Eton|22428|UK
29476|Ettington|58358|UK
33298|Euxton|62000|UK
33234|Evanton|52163|UK
5917|Evershot|52755|UK
844|Evesham|22434|UK
46993|Ewelme|67967|UK
15004|Ewen|64938|UK
25717|Exebridge|52757|UK
2630|Exeter|12194|UK
27770|Exford|52758|UK
26248|Exmoor National Park|61600|UK
8799|Exmouth|11299|UK
48087|Eyam|67634|UK
35895|Eye|39850|UK
15425|Eyemouth|17923|UK
46427|Eynsford|67361|UK
51143|Fairbourne|75201|UK
45228|Fairford|67869|UK
24101|Fakenham|36838|UK
24811|Falfield|44828|UK
18440|Falkirk|20207|UK
9939|Falkland|17404|UK
2859|Falmouth|9476|UK
43164|Falstone|68165|UK
3240|Fareham|22446|UK
25653|Faringdon|39766|UK
4367|Farnborough|22447|UK
39011|Farndon|66383|UK
15486|Farnham|16473|UK
39007|Farthingstone|66382|UK
50873|Faught (Brampton)|74963|UK
15794|Faversham|17982|UK
16011|Fawkham|22452|UK
11125|Fearn|61976|UK
19131|Feering|66778|UK
20746|Felixstowe|22455|UK
6992|Feltham|51197|UK
19142|Fenstanton|22457|UK
32335|Ferndown|22459|UK
14274|Ferry Hill|22998|UK
46358|Fettercairn|66313|UK
4415|Fife|22465|UK
30866|Fifield|68605|UK
15865|Filey|17508|UK
43448|Findon|69623|UK
40618|Finedon|52415|UK
10870|Fintry|13720|UK
15861|Fishguard|18713|UK
38493|Fittleworth|67216|UK
18855|Fivemiletown|39755|UK
20823|Fleet|69965|UK
34917|Fleet|22517|UK
41421|Fleetwood|67153|UK
30610|Flichity|28131|UK
22620|Flint|52268|UK
19072|Flitwick|22525|UK
10609|Flookburgh|12401|UK
26307|Flyford Flavell|62326|UK
6518|Folkestone|22538|UK
3210|Folkstone|12190|UK
20099|Fordingbridge|39812|UK
15275|Forest|22883|UK
18373|Forest Row|22548|UK
18464|Forfar|34985|UK
10881|Forres|6386|UK
14265|Fort Augustus|22557|UK
4846|Fort Williams|9209|UK
11452|Fortingall|13929|UK
48799|Forton|73046|UK
15270|Fowey|22566|UK
45760|Foxham|67964|UK
41896|Foxt|67743|UK
8511|Foyers|11279|UK
6568|Frankby|52421|UK
45096|Fraserburgh|68034|UK
30540|Freshwater|52763|UK
29296|Frimley Green|52655|UK
48582|Frinton-on-Sea|72785|UK
19987|Fritton|66219|UK
45309|Frocester|68017|UK
4818|Frodsham|39768|UK
47512|Froggatt|67624|UK
26227|Frogmore|62166|UK
25173|Frome|22589|UK
40343|Froxfield|52765|UK
32209|Fulford|66156|UK
23343|Gaerwen|52269|UK
20097|Gainsborough|39769|UK
16188|Gairloch|12197|UK
26170|Galashiels|23186|UK
29131|Galmpton, Torbay|61993|UK
42341|Garboldisham|69490|UK
48611|Garelochhead|72815|UK
19650|Garstang|52422|UK
41152|Garve|22618|UK
16746|Gatehouse of Fleet|19861|UK
3213|Gateshead|19829|UK
9670|Gatwick|323|UK
22142|Gerrards Cross|22640|UK
41925|Giddeahall|67892|UK
28893|Gileston|61974|UK
49103|Gilligham|73298|UK
29838|Gilling West|65295|UK
21860|Gillingham|39770|UK
50874|Gillingham (Norfolk)|74989|UK
46550|Gilmerton|66160|UK
48509|Gilsland|72831|UK
30055|Girvan|59606|UK
131|Glasgow|309|UK
12816|Glastonbury|9225|UK
11340|Glencarse|13881|UK
11299|Glencoe|23151|UK
29003|Glendale, Skye|61956|UK
18362|Glenfarg|20205|UK
27266|Glenfinnan|32258|UK
11476|Glenlivet|13943|UK
33472|Glenmoriston|52170|UK
50767|Glenridding|52425|UK
17026|Glenrothes|22665|UK
34047|Glossop|22671|UK
13036|Gloucester|16474|UK
25968|Gloucestershire|22672|UK
20590|Goathland|52426|UK
24648|Godalming|52767|UK
39918|Godshill|62332|UK
23712|Goldsborough|61665|UK
30077|Gomersal|52427|UK
48965|Goodwick|73064|UK
22464|Goole|39785|UK
8768|Gorebridge|32291|UK
21580|Gorey|32264|UK
44829|Gosport|67044|UK
11427|Goudhurst|13918|UK
18602|Gourock|19760|UK
6650|Grange-over-Sands|22713|UK
11129|Grangemouth|22712|UK
13766|Grantham|22716|UK
7043|Grantown-on-Spey|17987|UK
13042|Grasmere|14530|UK
28951|Grassington|52428|UK
41488|Grateley|67155|UK
25158|Gravesend|22720|UK
21806|Grays|18148|UK
43361|Grayshott|70790|UK
29167|Great Barrington|61995|UK
20974|Great Broughton|66918|UK
15495|Great Clifton|17938|UK
24736|Great Cressingham|61940|UK
2837|Great Dunmow|18715|UK
41991|Great Easton|52771|UK
51094|Great Glen|75187|UK
50702|Great Hallingbury|52772|UK
18720|Great Malvern|22753|UK
51085|Great Milton|14741|UK
33237|Great Missenden|52656|UK
48677|Great Ryburgh|72928|UK
33287|Great Tew|61999|UK
45217|Great Warley|67614|UK
2471|Great Yarmouth|14896|UK
42992|Great Yeldham|52774|UK
15622|Greenock|22731|UK
34936|Greenwich|22732|UK
48103|Gretna|69696|UK
18149|Gretna Green|20200|UK
8710|Greve de Lecq Bay|11292|UK
26419|Greystoke|52430|UK
4442|Grimsby|22741|UK
41976|Grindleford|52775|UK
17588|Grouville|52608|UK
12882|Guernsey|4302|UK
4370|Guildford|22764|UK
51093|Guilsfield|75188|UK
10606|Guisborough|17235|UK
12836|Gulval|9234|UK
20168|Gunness|67204|UK
45001|Gunnislake|66888|UK
44094|Gunthorpe|72124|UK
39234|Guyzance|66738|UK
48150|Gweek|69026|UK
38815|Gwynedd|66800|UK
33629|Hackness|62251|UK
24618|Haddington|23187|UK
20617|Hadlow|52777|UK
15107|Haggerston|19596|UK
17600|Hailsham|24284|UK
24858|Halesworth|35335|UK
33501|Halford|51261|UK
16669|Halifax|33118|UK
38208|Halkirk|66530|UK
19295|Halkyn|67202|UK
39940|Halstead|52778|UK
26509|Haltwhistle|52434|UK
25687|Halvergate|62009|UK
43569|Hambledon|69235|UK
18564|Hamilton|34991|UK
17657|Hampshire|16313|UK
39447|Hampton|64577|UK
32899|Hamsey|61967|UK
28989|Hamsterley, Bishop Auckland|61984|UK
25502|Hanchurch|52435|UK
50447|Handforth|74589|UK
50847|Hanley Castle|52436|UK
42688|Hanley Swan|67790|UK
10595|Harbertonford|12390|UK
22158|Harlech|44834|UK
3914|Harlow|16475|UK
25658|Harpenden|39773|UK
43471|Harpham|69693|UK
25028|Harrietsham|41212|UK
2604|Harrogate|9171|UK
4251|Harrow|19838|UK
39290|Hartington|66473|UK
44920|Hartland (Devon)|63462|UK
19233|Hartlebury|66796|UK
7029|Hartlepool|33121|UK
45910|Hartshorne|70303|UK
42540|Harty|68377|UK
50838|Harwell|74832|UK
23233|Harwich|14647|UK
20904|Haslemere|39774|UK
4361|Hastings|27972|UK
20787|Hatfield|33122|UK
21154|Hatfield|66739|UK
31010|Hathersage|32277|UK
22022|Havant|39775|UK
23128|Haverfordwest|23217|UK
24712|Haverhill|34993|UK
39257|Hawes|52437|UK
24759|Hawick|17879|UK
29605|Hawkchurch|52784|UK
50369|Hawkinge|32362|UK
42821|Hawkley|68385|UK
35291|Hawkshead|63915|UK
32035|Hawkswick|61947|UK
20809|Hawnby|52438|UK
24715|Haworth|52439|UK
20122|Hay-on-Wye|26067|UK
19299|Haydock|52440|UK
26440|Haydon Bridge|62060|UK
13090|Hayes|58860|UK
23106|Hayfield|52441|UK
8801|Hayle|11300|UK
12381|Hayling Island|9172|UK
27611|Haywards Heath|33123|UK
8807|Hazelbury|11304|UK
21568|Headcorn|52785|UK
36091|Headingley|52442|UK
3850|Heathrow|16476|UK
39773|Hebden Bridge|52443|UK
20833|Heckfield|52786|UK
4718|Hele|69317|UK
16956|Helensburgh|23243|UK
22082|Hellaby|52444|UK
31694|Hellidon|52445|UK
19162|Hellingly|66808|UK
14996|Helmsdale|28742|UK
17654|Helmsley|34994|UK
23242|Helston|32261|UK
232|Hemel Hempstead|33124|UK
28364|Henfield|52787|UK
25668|Henley-in-Arden|39778|UK
20847|Henley-on-Thames|39779|UK
20038|Henlow|39780|UK
22211|Hensol|44404|UK
20851|Henton|67098|UK
3708|Hereford|22882|UK
30804|Herm|32268|UK
33367|Herne Bay|41201|UK
24580|Herstmonceux|52788|UK
21959|Hertford|39781|UK
10731|Hertingfordbury|17243|UK
23659|Hessle|52446|UK
51050|Heswall|52447|UK
35029|Heversham|62259|UK
12271|Hexham|23236|UK
42354|Heytesbury|68835|UK
30504|Heywood|65457|UK
21125|Hickstead|66457|UK
32585|High Peak|59570|UK
13359|High Wycombe|33125|UK
47720|Hilborough|72342|UK
50851|Hillingdon|52791|UK
48515|Hillsborough|52327|UK
48580|Hillsborough|72782|UK
43636|Hillside|70486|UK
31988|Hilmarton|66430|UK
48145|Himbleton|67635|UK
24773|Hinckley|33126|UK
37504|Hindhead|63928|UK
24619|Hindon|52792|UK
46983|Hinton St Mary|69107|UK
24988|Hirwaun|61946|UK
3843|Hitchin|39740|UK
49517|Hockliffe|73714|UK
49065|Hoddesdon|73345|UK
50846|Hoddesdon|52793|UK
45003|Hodnet|67815|UK
25301|Holbeach|56563|UK
28953|Holbrook, Derbyshire|61980|UK
24058|Holcombe|12357|UK
29033|Holford|52795|UK
7035|Holmes Chapel|52448|UK
27700|Holmfirth|52449|UK
32581|Holmrook|59569|UK
22754|Holsworthy|44136|UK
46324|Holt|66327|UK
27092|Holt/Norfolk|43547|UK
21214|Holyhead|17935|UK
23781|Holywell|39772|UK
22365|Honiton|23211|UK
11967|Hook|19826|UK
48151|Hook Norton|68797|UK
27678|Hope|51275|UK
45018|Hope Cove|67421|UK
41139|Hope Valley|52450|UK
48084|Hopeman|67470|UK
8802|Hopton on Sea|11308|UK
42513|Horam|69281|UK
41244|Horden|67057|UK
2718|Horley|33127|UK
13731|Horncastle|33128|UK
5668|Hornchurch|52657|UK
48940|Horndon|73135|UK
18822|Hornsea|39783|UK
44259|Horseman's Green|72132|UK
3994|Horsham|33129|UK
49053|Hoswick|73328|UK
21767|Houghton|66365|UK
2736|Hounslow|52658|UK
8415|Hove|11271|UK
20981|Hovingham|52453|UK
27940|Howden|52455|UK
18841|Howwood|14652|UK
18774|Hoylake|58246|UK
30980|Huby|51276|UK
16637|Huddersfield|23235|UK
47746|Huish Episcopi|72416|UK
4960|Hull|9199|UK
47877|Hulland Ward|67629|UK
26320|Hulme Walfield|62003|UK
51104|Humshaugh|75194|UK
21080|Hundleton|66229|UK
12376|Hungerford|13874|UK
4692|Hunstanton|33130|UK
18642|Huntingdon|33131|UK
9906|Huntley|17402|UK
26290|Huntly|18716|UK
30889|Hurley (Berkshire)|51200|UK
21082|Hurstbourne Tarrant|52801|UK
25703|Hutton Cranswick|62048|UK
36259|Huxham|70295|UK
11094|Hythe|17983|UK
48138|Ibstock|67813|UK
49140|Ilam|73291|UK
48117|Ilchester|52802|UK
7068|Ilford|51201|UK
5248|Ilfracombe|39757|UK
20092|Ilkley|33132|UK
19187|Ilminster|33133|UK
30917|Ilsington|32269|UK
33563|Inchbae|52173|UK
21608|Inchture|61443|UK
38627|Ingbirchworth|66558|UK
45728|Ingham|67855|UK
39362|Ingleton|66744|UK
10886|Ingliston|10830|UK
47926|Inkberrow|67812|UK
26845|Innerleithen|23184|UK
44788|Insel Alderney|44826|UK
27745|Insel St Mary's|59660|UK
48483|Instow|72861|UK
3052|Inverary|9213|UK
10833|Invergarry|9486|UK
9876|Invergordon|17397|UK
23549|Inverkeithing|52174|UK
4347|Inverness|310|UK
3860|Inverurie|9491|UK
6340|Ipswich|16477|UK
38236|Ireby|66704|UK
48624|Ireshopeburn|72890|UK
41689|Ironbridge|67637|UK
14957|Irvine|18799|UK
17668|Irvinestown|52329|UK
23139|Isle of Arran|58337|UK
38500|Isle of Colonsay|66933|UK
48588|Isle of Eigg|72792|UK
33583|Isle of Iona|311|UK
29858|Isle of Islay|35124|UK
37145|Isle of North Uist|61687|UK
49058|Isle of Raasay|58928|UK
31227|Isle of Shapinsay|32303|UK
10434|Isle of Skye|9212|UK
45901|Isle of Whithorn|52177|UK
11281|Isle of Wight|9165|UK
47258|Ivybridge|70739|UK
37588|Ixworth|52804|UK
42129|Jackfield|67749|UK
41631|Jackson Bridge|67325|UK
11325|Jedburgh|13882|UK
8793|Jerbourg Point|9505|UK
8137|Jersey|4303|UK
44847|John O'Groats|23174|UK
2528|Keenthorne|70143|UK
16522|Kegworth|33135|UK
2655|Keighley|39776|UK
34555|Kelbrook|65008|UK
21601|Kellington|66650|UK
13086|Kelso|14784|UK
13738|Kendal|11286|UK
3164|Kenilworth|16478|UK
3071|Kenmore|29372|UK
26143|Kensaleyre|62313|UK
41315|Kensington|67148|UK
38808|Kent|36878|UK
6822|Keswick|12192|UK
4285|Kettering|33136|UK
40385|Kettlewell|62305|UK
24708|Keynsham|52806|UK
13317|Kidderminster|33137|UK
50310|Kidlington|74479|UK
17912|Kidwelly|23255|UK
14967|Kilbirnie|37427|UK
15998|Kilchrenan|31003|UK
10857|Kildrummy by Alford|9493|UK
19545|Kilgetty|39786|UK
39370|Killadeas|11377|UK
39868|Killearn|52181|UK
14923|Killin|23245|UK
7454|Kilmarnock|23179|UK
18987|Kilmelford|20077|UK
40382|Kilnsey|52459|UK
9864|Kilve|17395|UK
10726|Kilwinning|10924|UK
45569|Kimbolton|67962|UK
45385|Kimpton|70085|UK
10837|Kinclaven/Stanley|312|UK
8803|Kincraig|11306|UK
5973|King's Lynn|23226|UK
31973|Kingham|52807|UK
20295|Kings Langley|52808|UK
21198|Kings Nympton|66630|UK
20623|Kingsbridge|23210|UK
39749|Kingsclere|52809|UK
46874|Kingsdown|68813|UK
48801|Kingsdown|41205|UK
45638|Kingston (Devon)|70292|UK
39931|Kingston (Purbeck)|62382|UK
51054|Kingston Bagpuize|75108|UK
32045|Kingston Blount|52811|UK
16044|Kingston upon Thames|36742|UK
10598|Kingswear|12393|UK
40952|Kington|51264|UK
3898|Kingussie|18711|UK
8115|Kinloch Rannoch|11284|UK
45480|Kinlochewe|67984|UK
27456|Kinlochleven|52183|UK
14381|Kinross|19422|UK
22683|Kinver|63716|UK
48592|Kirby Stephen|72797|UK
48605|Kirk Yetholm|72808|UK
37567|Kirkby Fleetham|63944|UK
24938|Kirkby Lonsdale|52460|UK
42334|Kirkby Stephen|52461|UK
21698|Kirkbymoorside|52462|UK
18403|Kirkcaldy|20206|UK
30304|Kirkcudbright|33138|UK
43736|Kirkland, Copeland|68763|UK
30139|Kirkmichael|52186|UK
8894|Kirknewton|9484|UK
28074|Kirkpatrick Durham|60410|UK
10921|Kirkwall|13726|UK
4359|Kirriemuir|23244|UK
48708|Kirtlington|72876|UK
45496|Kirton in lindsey|70288|UK
19641|Knaresborough|33139|UK
20060|Knebworth|39759|UK
19711|Knighton|39788|UK
41820|Knitsley|67555|UK
42591|Knodishall|67566|UK
19112|Knottingley|39767|UK
38899|Knowle|52464|UK
39860|Knucklas|71317|UK
5319|Knutsford|39789|UK
15404|Kyle of Lochalsh|13939|UK
44483|Lairg|52189|UK
10628|Lake Ullswater|17236|UK
10592|Lake Windermere|12262|UK
22846|Lampeter|32284|UK
14765|Lanark|24598|UK
23239|Lancashire|18803|UK
13746|Lancaster|17916|UK
50777|Lanchester|74899|UK
22102|Lancing|39790|UK
22716|Landford|52814|UK
50771|Landscove|74890|UK
46591|Langaller|69000|UK
11034|Langbank|36633|UK
50752|Langford|74943|UK
22014|Langho|66435|UK
25812|Langholm|23240|UK
33246|Langport|52816|UK
35681|Lanteglos|67478|UK
25695|Largs|39791|UK
19426|Larkhall|39792|UK
3198|Larne|23127|UK
26254|Lauder|52190|UK
23488|Laugharne|52273|UK
8812|Launceston|11301|UK
24686|Lavenham|33140|UK
46192|Laxton|71525|UK
32353|Leadenham|52468|UK
19661|Leamington Spa|33183|UK
20912|Leatherhead|33141|UK
41142|Lechlade|52817|UK
39168|Ledbury|52469|UK
13552|Ledsham|27393|UK
1863|Leeds|16318|UK
41588|Leek|23222|UK
44755|Leeming Bar|52470|UK
166|Leicester|17495|UK
19401|Leigh|39793|UK
19279|Leighton Buzzard|39794|UK
24873|Leiston|64973|UK
32274|Leith|14198|UK
45987|Lelant|70307|UK
24463|Lenham|26045|UK
27632|Leominster|33142|UK
48694|Lerryn|72940|UK
24251|Lerwick|32180|UK
8772|Les Hubits|11294|UK
21351|Letchworth|39795|UK
36013|Letcombe Regis|67494|UK
12665|Letham|52193|UK
38437|Leven|66714|UK
45698|Leverburgh|70296|UK
18771|Lewes|39796|UK
19431|Leyburn|23234|UK
40374|Leyland|34998|UK
19514|Lichfield|33143|UK
24631|Lifton|52819|UK
33745|Limavady|20831|UK
3643|Lincoln|19421|UK
34976|Lindisfarne (Insel)|63369|UK
24600|Lingfield|52820|UK
11457|Linlithgow|13931|UK
19180|Liphook|39797|UK
39503|Lisburn|66241|UK
10600|Liskeard|12394|UK
41510|Lisnaskea|52331|UK
41913|Liss|68348|UK
51133|Litcham|75184|UK
42081|Little Coxwell|67895|UK
25747|Little Downham|62052|UK
22262|Little Hallingbury|52821|UK
41785|Little Hautbois|67738|UK
23299|Little Malvern|61930|UK
32968|Little Petherick|61968|UK
10963|Little Sark|13732|UK
36061|Little Thetford|70200|UK
40596|Little Walsingham|35354|UK
39053|Little Weighton|66463|UK
42056|Littlebury|68358|UK
19167|Littlehampton|39798|UK
42412|Littlehempston|69492|UK
33377|Littleover|62423|UK
1922|Liverpool|6115|UK
41489|Liversedge|67201|UK
16943|Livingston|17993|UK
15264|Lizard|52626|UK
32049|Llanarmon Dyffryn Ceiriog|52274|UK
45881|Llanarthne|69244|UK
46596|Llanbedr|30001|UK
11441|Llanberis/Snowdonia Park|319|UK
34509|Llanboidy|62319|UK
43577|Llancarfan|70125|UK
35755|Llanddeiniolen|52275|UK
23051|Llandeilo|26037|UK
21200|Llandovery|26039|UK
10919|Llandrillo|13725|UK
24088|Llandrindod Wells|23216|UK
2642|Llandudno|320|UK
24675|Llandybie|31261|UK
3756|Llanelli|33144|UK
41724|Llanfair Waterdine|67638|UK
48248|Llanfairfechan|26053|UK
20958|Llanfyllin|43121|UK
10917|Llangammarch Wells|9482|UK
47522|Llangattock|67912|UK
46614|Llangedwyn|59667|UK
7617|Llangefni|33145|UK
6182|Llangollen|34999|UK
46753|Llangrove|68810|UK
47501|Llangurig|68166|UK
46908|Llangynog|71970|UK
48267|Llanidoes|59668|UK
48510|Llanon|52277|UK
21393|Llanrug|52279|UK
20962|Llanrwst|43122|UK
48721|Llantrisant|72881|UK
21279|Llanwddyn|39799|UK
24505|Llanwrtyd Wells|52282|UK
47947|Llanybydder|68305|UK
40340|Llanymynech|62168|UK
36105|Llechryd|71299|UK
48863|Llwyngwril|73183|UK
8102|Llyswen|14908|UK
26529|Loch Fyne|37868|UK
10929|Loch Harray|13728|UK
11451|Loch Lomond|13925|UK
42419|Loch Shin|69602|UK
34058|Lochailort|52195|UK
33669|Lochcarron|52196|UK
23300|Lochearnhead|43123|UK
11309|Lochgilphead|13878|UK
11477|Lochinver|13941|UK
11120|Lockerbie|17975|UK
23202|Loftus|51278|UK
19148|Lolworth|66734|UK
519|London|302|UK
2614|Londonderry|12388|UK
24765|Long Compton|52472|UK
45492|Long Crendon|67847|UK
39379|Long Preston|66580|UK
19154|Long Sutton|52824|UK
45162|Long Wittenham|67955|UK
45840|Longframlington|70759|UK
45427|Longhope|51230|UK
10639|Longhorsley|17237|UK
12866|Longniddry|12055|UK
51013|Longridge (Lancashire)|75023|UK
12839|Looe|9235|UK
3795|Lossiemouth|36943|UK
50708|Lostock|52473|UK
8995|Lostwithiel|14989|UK
31239|Lough Erne|11513|UK
45294|Lough Gowna|67615|UK
16931|Loughborough|33146|UK
21165|Louth|39800|UK
47712|Lovington|72341|UK
48446|Lower Beeding|52826|UK
47191|Lower Oddington|68790|UK
6128|Lower Slaughter|42786|UK
41843|Lower Withington|67648|UK
19685|Lowestoft|33147|UK
39213|Lowick|66736|UK
19264|Ludlow|39801|UK
24900|Lundin Links|61752|UK
50766|Lupton|74885|UK
30135|Luss|52202|UK
3001|Luton|17538|UK
20441|Lutterworth|39821|UK
21751|Lutterworth|67162|UK
7431|Lybster|24459|UK
5219|Lydford|23249|UK
46889|Lydford-on-Fosse|69012|UK
39323|Lydgate|66997|UK
10593|Lyme Regis|9425|UK
11016|Lymington|14651|UK
17215|Lymm|18057|UK
6700|Lyndhurst|23201|UK
23661|Lyng|36837|UK
23961|Lynmouth|52827|UK
27977|Lynton|52828|UK
18104|Lytham St Annes|33187|UK
32286|Mablethorpe|39858|UK
19122|Macclesfield|18104|UK
40370|Macduff|52203|UK
25734|Machrihanish|71376|UK
20166|Machynlleth|39761|UK
29572|Madeley|33148|UK
24678|Maentwrog|58147|UK
32578|Magherafelt|59568|UK
21552|Magor|66277|UK
13713|Maidenhead|23200|UK
9514|Maidstone|9194|UK
46602|Maker|69035|UK
46125|Malborough|70507|UK
14742|Maldon|39803|UK
48221|Malham|52476|UK
7418|Mallaig|24458|UK
19357|Malmesbury|33149|UK
41953|Malpas|67657|UK
19765|Malton|39787|UK
46995|Malvern|68815|UK
784|Manchester|303|UK
26233|Manorbier|52285|UK
21284|Mansfield|39804|UK
21498|Mapledurham|70537|UK
28183|Marazion|61524|UK
36871|March|59622|UK
23302|Margate|32554|UK
8583|Market Bosworth|16771|UK
18898|Market Harborough|33150|UK
25655|Market Lavington|62005|UK
48901|Market Rasen|52477|UK
21825|Markfield|67102|UK
26029|Markinch|23162|UK
20948|Marlborough|39805|UK
14590|Marlow|17239|UK
5470|Marston|31319|UK
28648|Marston Montgomery|62008|UK
40250|Martin, Lincolnshire|71336|UK
48923|Martletwy|73241|UK
48603|Martley|72806|UK
20193|Martock|39806|UK
48851|Marton, Shropshire|73171|UK
48804|Marybank|73010|UK
18775|Maryculter|17323|UK
49076|Maryport|73279|UK
6508|Masham|52479|UK
22032|Matfen|52480|UK
14539|Matlock|33151|UK
48455|Matlock Bath|72661|UK
46474|Mauchline|23177|UK
32077|Mayals|71594|UK
9937|Maybole|17403|UK
24142|Melbourn|61937|UK
45022|Melbourne|67819|UK
23291|Melksham|39807|UK
11010|Mells|14649|UK
25760|Melrose|39848|UK
23959|Melton Mowbray|39808|UK
24481|Menai Bridge|58441|UK
42321|Mendham|67712|UK
32252|Meppershall|52833|UK
31008|Mere|51265|UK
12831|Mereworth|9230|UK
26437|Meriden|33152|UK
44027|Mersea Island|72123|UK
19869|Merthyr Tydfil|26072|UK
47180|Metheringham|72349|UK
27314|Mevagissey|52627|UK
24025|Mickleham|52836|UK
45069|Mickleover|67823|UK
50970|Mickleton (Gloucestershire)|75026|UK
51064|Middle Aston (Oxfordshire)|75104|UK
25607|Middleham|52484|UK
13080|Middlesbrough|16479|UK
21737|Middleton Stoney|66499|UK
20728|Middleton-in-Teesdale|43124|UK
19292|Middlewich|39811|UK
25163|Midhurst|39813|UK
13660|Mildenhall|33153|UK
35791|Milebrook|66651|UK
41313|Milford Haven|52286|UK
21521|Milford on Sea|52838|UK
50763|Millbrook|51231|UK
26754|Millom|56591|UK
28691|Milnthorpe|59632|UK
10602|Milton Abbot|12396|UK
42041|Milton Combe|68357|UK
51024|Milton Common|75100|UK
35980|Milton Ernest|69926|UK
480|Milton Keynes|17238|UK
12430|Minehead|9178|UK
36002|Minster Lovell|52840|UK
44706|Mirfield|67030|UK
48470|Misterton|72722|UK
28211|Mitcham|59639|UK
8468|Mithian|11276|UK
42609|Modbury|52841|UK
24698|Moelfre|52288|UK
23644|Moffat|33154|UK
48634|Moira|72958|UK
17616|Mold|33155|UK
19595|Monkton|52208|UK
21912|Monmouth|23215|UK
25477|Montacute|52842|UK
20969|Montgomery|43125|UK
9905|Montrose|17401|UK
37118|Morar|62236|UK
19252|Morcott|26079|UK
19164|Morden|66926|UK
21680|Morecambe|39815|UK
25748|Moreton-in-Marsh|39816|UK
16300|Moretonhampstead|11270|UK
21573|Morley (Derbyshire)|61442|UK
21477|Morpeth|39823|UK
14661|Motherwell|39817|UK
19398|Mottram St. Andrew|20220|UK
8788|Moulin Huet Bay|11295|UK
41430|Moulton|66265|UK
46364|Moulton, Vale of Glamorgan|72331|UK
11008|Mousehole|14648|UK
49068|Moy|73295|UK
28962|Much Wenlock|52487|UK
46904|Mudeford|69104|UK
38633|Muir of Ord|23141|UK
33840|Muirfield|8990|UK
16560|Muirhead|19045|UK
12467|Mullion|9183|UK
44392|Mumbles|52289|UK
25506|Mundesley|52845|UK
20123|Mundford|66185|UK
19822|Musselburgh|39819|UK
47041|Muston|69651|UK
30072|Mynyddcerrig|61683|UK
50853|Nailsworth|52846|UK
8777|Nairn|13879|UK
27646|Nantwich|33156|UK
44507|Narberth|52290|UK
12600|Neath|23214|UK
19139|Needham Market|52847|UK
47737|Neenton|72375|UK
41973|Nether Stowey|68827|UK
39012|Nether Whitacre|52490|UK
22700|Nethy Bridge|52209|UK
45237|New Brighton|67598|UK
38147|New Cumnock|66423|UK
10760|New Lanark|17245|UK
11966|New Milton|32429|UK
15285|New Quay|64936|UK
48116|New Romney|72287|UK
23190|Newark-on-Trent|25904|UK
41446|Newbiggin-by-the-Sea|66594|UK
48503|Newbiggin-on-Lune|72824|UK
19013|Newbold|39820|UK
47345|Newbottle|66402|UK
26506|Newbrough|61964|UK
3829|Newburgh|23160|UK
6008|Newbury|20269|UK
3660|Newby Bridge|12397|UK
12064|Newcastle|28769|UK
40381|Newcastle Emlyn|52292|UK
2368|Newcastle upon Tyne|23233|UK
16945|Newcastle-under-Lyme|33157|UK
42433|Newcastleton|59617|UK
42149|Newent|52849|UK
23270|Newhaven, East Sussex|51204|UK
48968|Newick|73067|UK
26316|Newland|62328|UK
38661|Newmachar|66635|UK
2792|Newmarket|33158|UK
46981|Newnham on Severn|67966|UK
15323|Newport|17915|UK
21514|Newport|42756|UK
24439|Newport Pagnell|42754|UK
33600|Newport, Shropshire|59671|UK
1000|Newquay|9176|UK
17674|Newry|28851|UK
5670|Newton Abbot|17394|UK
50773|Newton Poppleford|74893|UK
23809|Newton Solney|34831|UK
11455|Newton Stewart|13926|UK
15221|Newton-le-Willows|32440|UK
3967|Newtonmore|13935|UK
43960|Newtown|51251|UK
23193|Newtownabbey|52334|UK
28936|Newtownards|52335|UK
12378|Nidd|36631|UK
38970|Ningwood|67310|UK
41923|No Man's Heath (Cheshire)|67656|UK
45231|Norfolk|35347|UK
39127|Normanton|54417|UK
9457|North Berwick|17373|UK
50436|North Ferriby|52493|UK
21516|North Kilworth|52495|UK
19123|North Muskham|67231|UK
41979|North Perrott|68545|UK
21640|North Shields|39822|UK
41427|North Sunderland|67320|UK
30067|North Tamerton|52630|UK
24098|North Walsham|36844|UK
41448|North Weald|67423|UK
26357|Northallerton|52498|UK
28348|Northam|17393|UK
3625|Northampton|16480|UK
24862|Northleach|61941|UK
3966|Northop|33160|UK
27656|Northwich|33161|UK
3417|Northwold|33162|UK
50765|Norton Disney|52499|UK
40926|Norton Fitzwarren|65076|UK
36280|Norton St Philip|71253|UK
9106|Norwich|16481|UK
3384|Nottingham|11288|UK
5310|Nuneaton|23221|UK
37632|Nunney|52851|UK
31216|Nutfield|63647|UK
30948|Oadby|68042|UK
17484|Oakham|32448|UK
8543|Oban|9215|UK
23074|Ockley|52852|UK
23015|Ogbourne Saint George|52853|UK
1548|Okehampton|39826|UK
25468|Old Alresford|52854|UK
46653|Old Gore|68804|UK
19275|Old Stratford|66818|UK
43121|Old Windsor|69614|UK
19070|Oldbury|59566|UK
19022|Oldham|33163|UK
49086|Olney|73311|UK
23199|Omagh|52337|UK
9883|Onich|17398|UK
12817|Ormsary|9227|UK
25221|Ormskirk|52503|UK
23453|Orphir|52213|UK
19266|Oswestry|33164|UK
16350|Otley|25988|UK
22054|Otterburn|17937|UK
48506|Otterham|72826|UK
12025|Ottershaw|16317|UK
21950|Oundle|52505|UK
42168|Over Haddon|67751|UK
45238|Overstrand|52856|UK
39190|Overton|67314|UK
36642|Ovington|60850|UK
35951|Ower|69498|UK
38971|Oxborough|66809|UK
5234|Oxford|9189|UK
21997|Padstow|36622|UK
2870|Paignton|39828|UK
14647|Paisley|33165|UK
24975|Palterton|52858|UK
23556|Pangbourne|33166|UK
41594|Papworth Everard|67410|UK
42317|Par|52631|UK
50852|Parkend|52859|UK
23236|Parracombe|52860|UK
39711|Pateley Bridge|52508|UK
16953|Pathhead|17994|UK
26390|Patterdale|52509|UK
22188|Pattingham|52510|UK
49525|Peasenhall|73721|UK
29933|Peckforton|35709|UK
15371|Peebles|16482|UK
49114|Pegsdon|73281|UK
5784|Pembrey|70580|UK
12585|Pembroke|9198|UK
48124|Pembroke Dock|52294|UK
41866|Pembrokeshire|36741|UK
24542|Pembury|70025|UK
50850|Pen-y-Fai|74847|UK
31112|Penally|32286|UK
40383|Penarth|52295|UK
22095|Pencoed|52296|UK
16782|Pendine|66056|UK
42044|Penhallow|67904|UK
14925|Penicuik|52214|UK
30106|Penkridge|33167|UK
21867|Penllergaer|66802|UK
27743|Pennyghael|60583|UK
23329|Penrhyndeudraeth|52297|UK
164|Penrith|23232|UK
42190|Penryn|67512|UK
50778|Pentney|74900|UK
8449|Penzance|9182|UK
11419|Perranporth|13915|UK
24392|Pershore|52511|UK
7354|Perth|9214|UK
1878|Peterborough|16483|UK
4218|Peterhead|24449|UK
30451|Petersfield|33168|UK
22234|Petworth|41219|UK
22585|Pevensey|35324|UK
47917|Pewsey|68302|UK
21638|Pickering|32281|UK
8478|Pitlochry|315|UK
24790|Plaitford|52863|UK
49121|Playden|73322|UK
11470|Plockton|23146|UK
2527|Plymouth|305|UK
8442|Plympton|11275|UK
41369|Pocklington|67199|UK
51048|Polegate|60743|UK
49110|Pollington|73300|UK
30925|Polperro|52634|UK
30926|Pontardawe|68041|UK
19113|Pontefract|33169|UK
23085|Pontfaen|52300|UK
46054|Pontrhydfendigaid|72109|UK
29165|Pontyclun|59792|UK
30310|Pontypool|33170|UK
3635|Pontypridd|39864|UK
38597|Pool-in-Wharfedale|66557|UK
4820|Poole|9244|UK
26412|Poolewe|32302|UK
39568|Porlock|67142|UK
31147|Port Charlotte|23154|UK
1676|Port Erin|35003|UK
48619|Port Eynon|72820|UK
24444|Port Isaac|52635|UK
39903|Port Sunlight|52513|UK
20655|Port Talbot|39829|UK
24932|Portadown|52339|UK
42293|Portaferry|67757|UK
22927|Porthcawl|33171|UK
10905|Porthkerry|9478|UK
23214|Porthleven|52637|UK
12858|Porthmadog|9240|UK
23739|Portinscale|23681|UK
27751|Portishead (Somerset)|65733|UK
39672|Portland|59662|UK
22269|Portloe|67049|UK
31115|Portmeirion|32288|UK
22280|Portpatrick|52217|UK
41475|Portreath|52638|UK
10747|Portree|23157|UK
18943|Portrush|33173|UK
3600|Portsmouth|16484|UK
24801|Portsoy|52218|UK
37564|Portstewart|52340|UK
46685|Postbridge|68530|UK
30592|Potters Bar|33174|UK
24132|Poulton-le-Fylde|52514|UK
28982|Poundon|61981|UK
14961|Prestatyn|28067|UK
39616|Prestbury|17888|UK
32871|Presteigne|61966|UK
1908|Preston|12406|UK
50969|Preston (Dorset)|75028|UK
2583|Prestwick|33175|UK
45709|Princes Risborough|70755|UK
22097|Pulborough|33176|UK
48022|Pumsaint|72337|UK
44399|Purfleet|52661|UK
11413|Pwllheli|13921|UK
35871|Pwllypant|68074|UK
39491|Quebec|66583|UK
22887|Queensferry|33159|UK
30595|Quorn|33177|UK
37624|Radcliffe|52517|UK
40216|Radnage|62084|UK
19940|Radstock|39814|UK
22569|Radwell, Hertfordshire|61663|UK
11462|Rafford|13933|UK
22618|Raglan|44830|UK
39664|Rainton|67027|UK
43957|Rame Peninsula|72298|UK
43676|Ramsbury|72250|UK
44689|Ramsey|67054|UK
2063|Ramsgate|16327|UK
35888|Ravenscar|69506|UK
44989|Ravenstone|67814|UK
46811|Ravenstonedale|52519|UK
29941|Rayleigh|33178|UK
1190|Reading|16485|UK
26441|Red Wharf Bay|60472|UK
23004|Redcar|59634|UK
13691|Redditch|32450|UK
24291|Redenhall with Harleston|52780|UK
23281|Redhill|51206|UK
50748|Redhill|74938|UK
8418|Redruth|11272|UK
14203|Reigate|19268|UK
31132|Renfrew|17372|UK
41311|Renishaw|66512|UK
19107|Retford|33117|UK
42536|Reydon|67722|UK
24643|Reynoldston|44832|UK
24577|Rhayader|52303|UK
42258|Rhiconich|68369|UK
40294|Rhostrehwfa|62167|UK
19262|Rhostyllen|66935|UK
23658|Rhyl|59672|UK
35920|Riber|68040|UK
28837|Riccall|61954|UK
36625|Richmond (North Yorkshire)|60745|UK
858|Richmond upon Thames|39830|UK
32341|Rickmansworth|39831|UK
47861|Ridsdale|67376|UK
39602|Riley Green|67025|UK
12832|Ringstead|9231|UK
4422|Ringwood|39832|UK
23285|Ripley|57204|UK
25572|Ripley|57203|UK
26401|Ripon|23231|UK
48628|River|72935|UK
46737|Roadwater|68319|UK
20076|Roayl Wootton Bassett|66569|UK
47403|Robin Hood's Bay|52521|UK
14936|Rochdale|39833|UK
15072|Rochester|9237|UK
19665|Rochford|39834|UK
50991|Rollesby|52869|UK
48255|Rolvenden|72549|UK
24450|Romford|39835|UK
19640|Romsey|35005|UK
10966|Roquaine Bay|10823|UK
41606|Rosehearty|66181|UK
25045|Roslin|52222|UK
18984|Ross-on-Wye|33180|UK
48903|Rossendale|73222|UK
26245|Rosshire|37864|UK
33863|Rostrevor|62242|UK
41461|Rosyth|23132|UK
24738|Rothbury|52523|UK
19647|Rotherham|33181|UK
42526|Rothesay|52224|UK
19696|Rothwell|52525|UK
46601|Rougham|68514|UK
50378|Roughlee|74512|UK
30090|Rousdon|52870|UK
42730|Rowland's Castle|68381|UK
11447|Roy Bridge|13924|UK
4309|Royal Tunbridge Wells|14987|UK
30997|Royal Wootton Bassett|69449|UK
39479|Roydhouse|67004|UK
22810|Royston, Hertfordshire|52872|UK
47936|Ruardean|68800|UK
45994|Rudgwick|70098|UK
47890|Rudyard|67632|UK
24021|Rufford|52529|UK
13320|Rugby|33184|UK
19287|Rugeley|39837|UK
34355|Ruislip|57763|UK
30470|Runcorn|32451|UK
48484|Runnington|72862|UK
19235|Rushden|67237|UK
47539|Rushton|67627|UK
46650|Rustington|68519|UK
35829|Ruswarp|52530|UK
19682|Ruthin|33186|UK
48617|Rydal|72818|UK
20277|Ryde|39838|UK
19092|Rye|14988|UK
28986|Saffron Walden|52874|UK
36038|Saham Toney|52875|UK
45907|Saint Bees|70095|UK
19212|Saint Clears|52305|UK
15628|Saint Helens|20270|UK
25182|Saint Ives|51179|UK
35981|Saint Just in Penwith|52647|UK
27277|Saint Keverne|61086|UK
32808|Saint Martin|51181|UK
21508|Saint Martin's|39784|UK
25644|Saint Mary|51182|UK
32417|Saint Merryn|52649|UK
27063|Saint Neots|39840|UK
8765|Saint Saviour|32266|UK
15521|Saint Saviour|44825|UK
24925|Salcombe|52877|UK
35604|Sale|52532|UK
35747|Sale|67504|UK
31161|Salen|32293|UK
26483|Salford|52533|UK
50779|Salford Priors|74901|UK
1777|Salisbury|13875|UK
21830|Saltash|37870|UK
23476|Saltburn-by-the-Sea|59618|UK
32233|Saltcoats|39737|UK
10718|Samlesbury|17242|UK
39527|Sampford Arundel|70613|UK
35992|Sampford Peverell|69450|UK
7676|Sandbach|33189|UK
39417|Sandgate|67135|UK
47083|Sandhurst|41228|UK
22394|Sandown|52878|UK
4333|Sandwich|33190|UK
13752|Sandy|58211|UK
37480|Sanquhar|52227|UK
35506|Santon|52612|UK
10962|Sark|13731|UK
28995|Satley|61985|UK
20113|Saundersfoot/Pembrokeshire|321|UK
20905|Sawbridgeworth|43270|UK
30928|Sawtry|52881|UK
38068|Saxmundham|35341|UK
45940|Scagglethorpe|71206|UK
20733|Scalby|62250|UK
669|Scarborough|27334|UK
10705|Scone|10922|UK
21901|Scotch Corner|39841|UK
25144|Scourie|52228|UK
23669|Scrabster|65548|UK
3499|Scunthorpe|33193|UK
27850|Seaford, East Sussex|61972|UK
21482|Seaham|39842|UK
26480|Seahouses|52537|UK
33625|Seamer|62249|UK
38960|Seascale|52538|UK
24381|Seaton|51236|UK
19100|Seaton Burn|67238|UK
37033|Seaton Carew|62062|UK
23583|Seaview|52884|UK
21604|Sedbergh|39844|UK
46411|Sedbusk|66316|UK
19155|Sedgefield|32282|UK
40231|Sedgeford|36836|UK
18717|Selby|52539|UK
16651|Selkirk|19601|UK
42659|Semington|68845|UK
48662|Sennen Cove|72964|UK
12841|Sennen/Land's End|9236|UK
22922|Settle|23230|UK
15687|Sevenoaks|17974|UK
33974|Sgarasta Bheag|60311|UK
25465|Shaftesbury|23208|UK
2664|Shanklin|17981|UK
26423|Shap|52540|UK
38020|Sharnbrook|66355|UK
14755|Shedfield|32430|UK
15428|Sheffield|16486|UK
36549|Shefford|39809|UK
40556|Shepherd's Bush|51207|UK
18633|Shepperton|33196|UK
24573|Shepton Mallet|52890|UK
21069|Sherborne|23207|UK
47395|Sherburn-in-Elmet|67020|UK
48057|Shere|72415|UK
39922|Sheringham|52891|UK
23266|Shetland|48609|UK
20796|Shifnal|37007|UK
28997|Shillingstone|61987|UK
46629|Shipham|68516|UK
35874|Shipley|51283|UK
23620|Shipston-on-Stour|33567|UK
24621|Shipton-under-Wychwood|52892|UK
49132|Shoreham-by-Sea|73304|UK
22264|Shottle|52544|UK
45042|Shotts|67972|UK
3218|Shrewsbury|11266|UK
15763|Shropshire|27395|UK
29552|Shustoke|66090|UK
22717|Sidmouth|23206|UK
46580|Sigingstone|68513|UK
41520|Silloth|52545|UK
47398|Simonburn|67371|UK
43215|Simonsbath|69082|UK
21462|Sittingbourne|35330|UK
30927|Six Hills|70393|UK
19109|Skeeby|66924|UK
6834|Skegness|32276|UK
44843|Skerray|67166|UK
19318|Skipton|33197|UK
46378|Skipwith|66060|UK
42048|Skirmett|69644|UK
37140|Skye of Curr|62485|UK
39541|Slaley|66585|UK
19153|Sleaford|33198|UK
10686|Sleat-Isle of Skye|10921|UK
26360|Sleights|60741|UK
13606|Slough|16487|UK
26507|Smarden|31336|UK
38339|Snaith|67060|UK
37483|Snettisham|36840|UK
48512|Snowdonia|52306|UK
14638|Solihull|19721|UK
16328|Somerset|11298|UK
45318|Somerton|59673|UK
19434|Sonning|51208|UK
35994|South Ascot|67493|UK
38803|South Brent|66563|UK
19312|South Cave|52546|UK
21265|South Cerney|52897|UK
48683|South Cockerington|72933|UK
41535|South Kilvington|67070|UK
42244|South Marston|69484|UK
23754|South Molton|39847|UK
14562|South Normanton|35006|UK
47090|South Petherton|59674|UK
6982|South Shields|33199|UK
23045|South Stoke|51209|UK
26150|South Uist|20143|UK
42628|South Warnborough|70107|UK
2789|Southampton|9188|UK
2812|Southend-on-Sea|33200|UK
48045|Southoe|72422|UK
9205|Southport|17536|UK
23960|Southsea|32274|UK
21701|Southwell|52547|UK
24097|Southwold|35332|UK
26385|Sowerby|62304|UK
48125|Sowerby Bridge|52548|UK
32004|Spalding|39782|UK
31977|Sparsholt|67082|UK
15958|Spean Bridge|17986|UK
48514|Spilsby|72835|UK
41854|Spittal|67556|UK
12023|Spittal of Glenshee|36632|UK
25938|St Asaph|39839|UK
44946|St Combs|67169|UK
48560|St Erth|72756|UK
19191|St Leonards|51219|UK
25106|St Leonards-on-Sea|32364|UK
48051|St Margaret's Hope|72414|UK
28872|St Mawes|49713|UK
11424|St. Agnes|13917|UK
3820|St. Albans|16488|UK
1427|St. Andrews|9210|UK
11047|St. Andrews|13867|UK
10596|St. Ann's|12391|UK
17188|St. Anne|28806|UK
8689|St. Aubin|9501|UK
14762|St. Austell|18714|UK
38969|St. Bees|64489|UK
18939|St. Boswells|52230|UK
6695|St. Brelade|9499|UK
11454|St. Catherine's|13927|UK
9894|St. Clement|9503|UK
10907|St. Davids|9479|UK
32865|St. Fillans|52231|UK
12815|St. Florence|13922|UK
2285|St. Helier|9502|UK
10603|St. Ives|9175|UK
20181|St. Peter|36745|UK
8773|St. Peter Port|10827|UK
10935|St. Quens Bay|23096|UK
12835|St. Tudy|9233|UK
39324|Stadhampton|66826|UK
8620|Staffin|11285|UK
27672|Stafford|33202|UK
29434|Staffordshire|56278|UK
10702|Staines|17241|UK
4324|Stainton|72244|UK
46096|Staithes|60731|UK
17544|Stamford|32550|UK
48481|Stanbury|72859|UK
47232|Stanford Dingley|70736|UK
28984|Stanhope, County Durham|61982|UK
24197|Stanley|52551|UK
44265|Stanley|52232|UK
28368|Stannersburn|60440|UK
16022|Stanstead Abbots|36671|UK
10665|Stansted|17913|UK
36097|Stanton Saint Quintin|52903|UK
37508|Stanwick|63929|UK
24743|Stapleford|51238|UK
47339|Staunton in the Vale|66415|UK
27839|Staveley|52553|UK
50990|Staverton|51239|UK
45814|Stebbing|70092|UK
43840|Steeple Ashton|72121|UK
50252|Steeple Ashton|52905|UK
10932|Stennes|13729|UK
46561|Stepaside|66338|UK
3685|Stevenage|23494|UK
50820|Steventon (Oxfordshire)|51210|UK
9899|Stewarton|17400|UK
27972|Steyning|33203|UK
39628|Stilton|66165|UK
42641|Stiperstones|67789|UK
334|Stirling|12195|UK
25591|Stockbridge|39849|UK
35957|Stockcross|69512|UK
9224|Stockport|17537|UK
4227|Stockton-on-Tees|19836|UK
22045|Stoke Ash|66641|UK
29461|Stoke D�Abernon|66086|UK
26791|Stoke Fleming|52906|UK
22160|Stoke Poges|43272|UK
24388|Stoke-by-Nayland|52908|UK
14075|Stoke-on-Trent|16489|UK
45788|Stoke-sub-Hamdon|70297|UK
20898|Stokenchurch|69979|UK
38380|Stokesley|66197|UK
19794|Stone|35007|UK
28714|Stonehaven|44758|UK
19701|Stonehouse|39851|UK
24029|Stony Stratford|43319|UK
11104|Stornoway|23933|UK
24314|Stourbridge|52557|UK
19101|Stourport-on-Severn|52558|UK
3906|Stow-on-the-Wold|33205|UK
19151|Stowmarket|39852|UK
16736|Strabane|24965|UK
18559|Stranraer|17934|UK
30880|Stratfield Turgis|70349|UK
2557|Stratford-upon-Avon|9197|UK
35885|Strath Tummel|70526|UK
30541|Strathaven|33206|UK
4850|Strathblane|31318|UK
26555|Strathcarron|60479|UK
28999|Strathmiglo|23196|UK
8491|Strathpeffer|11277|UK
20887|Street|39854|UK
41172|Stretford|66164|UK
31230|Stromness|32304|UK
11461|Strontian|13932|UK
5039|Stroud|39855|UK
26645|Struan|23156|UK
19799|Studley|52559|UK
20813|Sturminster Newton|39856|UK
20731|Sudbury|39857|UK
12829|Sudeley by Cheltenham|9229|UK
50840|Sumburgh|74936|UK
20761|Sunbury-on-Thames|67186|UK
1814|Sunderland|33207|UK
23154|Surbiton|51211|UK
5919|Sutton|59640|UK
43673|Sutton Bridge|70487|UK
16771|Sutton Coldfield|19722|UK
38795|Sutton on Sea|52561|UK
19203|Sutton Scotney|52912|UK
6639|Swaffham|33209|UK
36181|Swaffham Bulbeck|67409|UK
47587|Swallwell|69938|UK
23608|Swanage|52913|UK
44722|Swannington|35348|UK
4456|Swansea|9202|UK
6632|Swindon|17533|UK
29021|Swineshead, Lincolnshire|61988|UK
22217|Swinton|52233|UK
19314|Tadcaster|39859|UK
49060|Taddington|73293|UK
45099|Tadley|67530|UK
7387|Tain|11307|UK
21114|Takeley|52915|UK
21957|Talke|66784|UK
12784|Talladale|9221|UK
32173|Talybont|26033|UK
423|Tamworth|36944|UK
41862|Tandridge|68342|UK
37828|Tangasdale|63014|UK
14565|Taplow|36617|UK
10715|Tarbert|52235|UK
11468|Tarbert|10923|UK
25136|Tarporley|33210|UK
50502|Tarvin|74672|UK
46542|Tattenhall|67915|UK
2004|Taunton|17396|UK
19000|Tavistock|12350|UK
33102|Taynuilt|52238|UK
26429|Tebay|52567|UK
30570|Tedburn Saint Mary|52917|UK
22163|Teddington|63776|UK
9861|Teignmouth|52918|UK
14335|Telford|16490|UK
27967|Temple Cloud|61653|UK
21079|Templecombe|39860|UK
19881|Templepatrick|39861|UK
32574|Tenbury Wells|59567|UK
5208|Tenby|9243|UK
3377|Tenterden|33213|UK
1889|Tetbury|13920|UK
14728|Tewkesbury|18099|UK
20085|Thame|39862|UK
19907|Thaxted|35008|UK
6744|Thetford|39818|UK
26396|Thirsk|23229|UK
12382|Thoresby Park/Ollerton|9173|UK
19864|Thornbury|51240|UK
24484|Thornham|52920|UK
41767|Thornham Magna|67737|UK
37621|Thornhill|52239|UK
42686|Thornton Curtis|68567|UK
50106|Thornton Heath|74308|UK
49524|Thornton Rust|73720|UK
41394|Thornton-Cleveleys|66261|UK
34505|Thornton-le-Dale|62245|UK
41117|Thornton-le-Moor|61970|UK
19244|Thorpe On The Hill|67213|UK
32955|Thorpe-le-Soken|58354|UK
19150|Thrapston|62258|UK
39294|Thropton|66743|UK
41863|Thruxton|64962|UK
20881|Thurrock|64529|UK
36417|Thursford|62054|UK
10548|Thurso|12198|UK
51135|Thurston|75219|UK
28321|Tibshelf|61975|UK
41741|Ticknall|67640|UK
27468|Tideswell|61957|UK
33587|Tighnabruaich|60456|UK
44785|Tillicoultry|67041|UK
24592|Tintagel|23205|UK
26557|Tintern|52308|UK
26212|Tipton St John|62331|UK
26292|Tiree|32181|UK
32520|Tisbury|59675|UK
46122|Titchfield|70102|UK
32458|Titchmarsh|66163|UK
21587|Titchwell|66232|UK
7813|Tiverton|14527|UK
41806|Tivetshall Saint Margaret|67740|UK
27737|Tobermory|32294|UK
21855|Toddington|52926|UK
37688|Todmorden|59636|UK
25906|Todwick|43320|UK
39408|Tollerton|51286|UK
20581|Tomatin|52241|UK
19915|Tomintoul|23173|UK
23083|Tonbridge|33214|UK
16344|Tongue|28774|UK
30629|Tormarton|33215|UK
20783|Torpoint|39752|UK
1181|Torquay|9180|UK
10847|Torridon|9489|UK
26521|Totford|64135|UK
50360|Totland|74505|UK
23942|Totnes|23204|UK
42520|Tow Law|67721|UK
19226|Towcester|39863|UK
21622|Town Yetholm|66189|UK
48621|Tranent|72821|UK
47731|Tredegar|52311|UK
32067|Treffgarne|26029|UK
47244|Tregaron|72297|UK
23633|Tregorrick|57279|UK
20737|Treknow|70588|UK
31113|Tremadog|32287|UK
48922|Treorchy|59677|UK
47615|Trethurgy|72230|UK
43555|Trevarrian|69094|UK
45246|Trevone|69127|UK
27286|Trewoon|61955|UK
23296|Tring|52928|UK
48056|Trinity|52610|UK
4355|Troon|19783|UK
39313|Trowbridge|52929|UK
21857|Trowell|67164|UK
25987|Trudoxhill|62055|UK
49520|Trumpington|73717|UK
46172|Trunch|71219|UK
24947|Truro|32260|UK
36278|Tupton|70300|UK
12388|Turnberry|26054|UK
19697|Turriff|23168|UK
48434|Tweedmouth|72636|UK
24378|Twickenham|61950|UK
27203|Tyndrum|52245|UK
44828|Tynemouth|52576|UK
24995|Tywyn|18712|UK
25343|Uckfield|23198|UK
26239|Uffculme|61962|UK
46894|Uffington|68776|UK
48606|Ulceby|72810|UK
10440|Ullapool|17985|UK
5356|Ulverston|39825|UK
23274|Umberleigh|52932|UK
8558|Uphall|11282|UK
36093|Uphill|62318|UK
48261|Upper Godney|72526|UK
48086|Upper Largo|67442|UK
30995|Upper Slaughter|69485|UK
48017|Uppermill|72336|UK
21694|Uppingham|52578|UK
36197|Upton Snodsbury|66326|UK
26310|Upton-upon-Severn|62327|UK
45249|Upton-upon-Severn|67958|UK
20125|Usk|39865|UK
19284|Uttoxeter|39866|UK
20059|Uxbridge|39760|UK
10999|Vale|13862|UK
21134|Valley Truckle|67064|UK
22274|Ventnor|33216|UK
19839|Veryan|44827|UK
24108|Wadebridge|39867|UK
22973|Wadesmill|61929|UK
36218|Wadhurst|35318|UK
21794|Wainstalls|71794|UK
7336|Wakefield|24364|UK
42238|Walcote|67710|UK
28961|Walkington|52579|UK
25467|Wallasey|52580|UK
16248|Wallingford|35016|UK
46521|Wallington|66149|UK
17849|Walsall|33217|UK
31005|Walshford|65037|UK
23304|Waltham Abbey|52933|UK
22821|Waltham Forest|56463|UK
30976|Walton|32432|UK
46649|Walton|69003|UK
51003|Walton (Wakefield)|75077|UK
45551|Walton-on-the-Naze|67848|UK
48508|Wanborough|72829|UK
41847|Wangford|35342|UK
25283|Wantage|52935|UK
19158|Wardley|66819|UK
14273|Ware|16312|UK
19981|Wareham|33218|UK
49102|Warkworth|52583|UK
21823|Warminster|39868|UK
38655|Warrenpoint|67236|UK
16877|Warrington|33219|UK
15636|Warwick|20271|UK
43488|Washford|52937|UK
9257|Washington|33220|UK
41408|Waterloo|66263|UK
12818|Watermouth|9228|UK
17678|Waterside|23121|UK
51071|Waterstock (Oxfordshire)|75106|UK
15647|Watford|20272|UK
36877|Watlington|59623|UK
38270|Watton|43571|UK
23207|Weedon Bec|52586|UK
20266|Wellingborough|39869|UK
43524|Wellingore|70795|UK
5402|Wellington (Shropshire)|32272|UK
23213|Wellington (Somerset)|65660|UK
22225|Wells|20142|UK
39266|Wells-next-the-Sea|67475|UK
27689|Welshpool|33221|UK
22228|Welwyn|33222|UK
7323|Welwyn Garden City|33223|UK
29038|Wembdon|61990|UK
25290|West Auckland|52589|UK
18791|West Bridgford|52590|UK
16760|West Bromwich|24966|UK
13078|West Drayton|51212|UK
44981|West End|67835|UK
28873|West Kilbride|39843|UK
24672|West Linton|23185|UK
26200|West Lulworth|60460|UK
41826|West Runton|67742|UK
25643|West Witton|56592|UK
24373|West Wycombe|56528|UK
46030|Westbury|70099|UK
21704|Westerham|39870|UK
36400|Westfield, East Sussex|61979|UK
41776|Westgate|67552|UK
49054|Westgate-on-Sea|37871|UK
50096|Westmill|74306|UK
45340|Weston Longville|67844|UK
49066|Weston under Penyard|73294|UK
2053|Weston-super-Mare|35020|UK
31051|Weston-under-Redcastle|69444|UK
22582|Wetherby|33224|UK
29029|Wethersfield, Essex|61959|UK
1039|Weybridge|33225|UK
1119|Weymouth|9477|UK
13776|Whatton|31710|UK
10604|Wheddon Cross|12398|UK
48443|Whepstead|72715|UK
41131|Wheyrigg|52592|UK
7540|Whitby|23228|UK
46387|Whitchurch, Hampshire|67157|UK
39981|Whitchurch, Herefordshire|59629|UK
23462|Whitchurch, Shropshire|35024|UK
10765|Whitebridge|17247|UK
46777|Whitecroft|68771|UK
24744|Whitehaven|33227|UK
22735|Whiteparish|52943|UK
26516|Whitfield|61965|UK
34506|Whitland|32283|UK
42125|Whitley|51241|UK
22839|Whitley Bay|52594|UK
10607|Whitmuir|12399|UK
48687|Whitnell|72974|UK
26121|Whitney-on-Wye|26068|UK
23306|Whitstable|18717|UK
33750|Whitstone|61969|UK
45650|Whittington|67577|UK
35793|Whyteleafe|67215|UK
41908|Wichenford|67655|UK
6885|Wick|17984|UK
48651|Wickford|72961|UK
26684|Widecombe-in-the-Moor|61953|UK
20152|Widnes|32548|UK
9142|Wigan|14528|UK
31075|Wigginton|70358|UK
47905|Wigston|67796|UK
24200|Wigton|59624|UK
28859|Willington|61398|UK
32118|Williton|66715|UK
47152|Wilmcote|68785|UK
4423|Wilmslow|33228|UK
24506|Wimborne Minster|52945|UK
23484|Wincanton (Somerset)|52946|UK
23662|Winchelsea|52948|UK
15398|Winchester|16491|UK
40358|Winchmore Hill|62011|UK
2565|Windermere|16691|UK
14566|Windsor|16692|UK
45221|Winforton|67957|UK
8808|Winkleigh|11303|UK
46732|Winnard's Perch|68524|UK
40295|Winscombe|59678|UK
26776|Winsford|51242|UK
29027|Winsley|61989|UK
43658|Winterbourne Abbas|69466|UK
40369|Winteringham|52597|UK
45049|Wirksworth|67822|UK
16888|Wirral|39762|UK
37591|Wisbech|52950|UK
33514|Wishaw|17532|UK
35557|Witherslack|68043|UK
18748|Witney|31044|UK
49978|Wittersham|35356|UK
43158|Woburn Sands|69451|UK
13049|Woking|30020|UK
15419|Wokingham|52953|UK
45966|Wolsingham|72292|UK
2486|Wolverhampton|16493|UK
23007|Woodbridge|33229|UK
36635|Woodchurch|32366|UK
38637|Woodford|67079|UK
29588|Woodford Green|51215|UK
23816|Woodhall Spa|33230|UK
46991|Woodhill|69016|UK
47588|Woodhurst|69032|UK
11044|Woodstock|14654|UK
20034|Woolacombe|35028|UK
40410|Woolavington|71549|UK
24417|Wooler|52602|UK
24093|Woolverton|52958|UK
24006|Wootton Bridge|61932|UK
48447|Wootton Wawen|72718|UK
19910|Worcester|23220|UK
23943|Workington|39871|UK
24199|Worksop|33231|UK
21747|Worlington|52959|UK
51079|Worminghall (Buckinghamshire)|75109|UK
16643|Worthing|12355|UK
39727|Wortley|72327|UK
46867|Wortwell|52960|UK
28861|Wotton-under-Edge|39810|UK
24835|Wrea Green|52604|UK
41782|Wrenbury|67643|UK
8655|Wrexham|11287|UK
31063|Wroughton|69339|UK
39924|Wroxall|51270|UK
29405|Wyboston|32435|UK
50760|Wye|51217|UK
42008|Wylam|67661|UK
13674|Wymondham|33233|UK
23125|Y Felinheli|61935|UK
7120|Yarm|33234|UK
28890|Yarmouth|39872|UK
41204|Yarnfield|72381|UK
51160|Yate||UK
20751|Yateley|39873|UK
47427|Yattendon|66400|UK
31062|Yeadon|69683|UK
31962|Yealmpton|66064|UK
24720|Yelverton|51244|UK
19185|Yeovil|39874|UK
2101|York|9206|UK
42830|Youlgreave|67572|UK
